date,tier,cumulative_return
2013-02-11,60/40 Benchmark,-0.00045531522882946707
2013-02-12,60/40 Benchmark,0.0017458113578818768
2013-02-13,60/40 Benchmark,0.00019636421163915507
2013-02-14,60/40 Benchmark,-0.0025495378015301107
2013-02-15,60/40 Benchmark,-0.0031870386078763913
2013-02-19,60/40 Benchmark,0.002476726476844826
2013-02-20,60/40 Benchmark,-0.0033269305266114824
2013-02-21,60/40 Benchmark,-0.0032663954441526366
2013-02-22,60/40 Benchmark,0.0019496297174870225
2013-02-25,60/40 Benchmark,-0.007239861718166374
2013-02-26,60/40 Benchmark,-0.0019974250611533018
2013-02-27,60/40 Benchmark,0.008041930459916857
2013-02-28,60/40 Benchmark,0.006420487688080234
2013-03-01,60/40 Benchmark,0.00910897088169893
2013-03-04,60/40 Benchmark,0.014964073779499598
2013-03-05,60/40 Benchmark,0.026723941116191252
2013-03-06,60/40 Benchmark,0.024736136648986662
2013-03-07,60/40 Benchmark,0.028766840894209667
2013-03-08,60/40 Benchmark,0.03361830221107365
2013-03-11,60/40 Benchmark,0.0349581388330682
2013-03-12,60/40 Benchmark,0.03378258598527761
2013-03-13,60/40 Benchmark,0.036179776474054126
2013-03-14,60/40 Benchmark,0.036892192613578345
2013-03-15,60/40 Benchmark,0.03578335588222625
2013-03-18,60/40 Benchmark,0.031858343218599705
2013-03-19,60/40 Benchmark,0.03185512207422225
2013-03-20,60/40 Benchmark,0.038515129504255174
2013-03-21,60/40 Benchmark,0.033036880228657584
2013-03-22,60/40 Benchmark,0.046894541149868685
2013-03-25,60/40 Benchmark,0.043714195529881206
2013-03-26,60/40 Benchmark,0.05150606254668033
2013-03-27,60/40 Benchmark,0.05005038859982225
2013-03-28,60/40 Benchmark,0.054532584728295364
2013-04-01,60/40 Benchmark,0.05159575949122108
2013-04-02,60/40 Benchmark,0.059060402465274775
2013-04-03,60/40 Benchmark,0.05212091069585534
2013-04-04,60/40 Benchmark,0.057450019675942654
2013-04-05,60/40 Benchmark,0.055534014544437404
2013-04-08,60/40 Benchmark,0.05923250724861573
2013-04-09,60/40 Benchmark,0.062207120270084015
2013-04-10,60/40 Benchmark,0.0720842347171502
2013-04-11,60/40 Benchmark,0.07738953462347853
2013-04-12,60/40 Benchmark,0.07918916787609276
2013-04-15,60/40 Benchmark,0.06382737285187678
2013-04-16,60/40 Benchmark,0.07617587262605952
2013-04-17,60/40 Benchmark,0.06723612143310498
2013-04-18,60/40 Benchmark,0.060825896175526584
2013-04-19,60/40 Benchmark,0.07760530861426695
2013-04-22,60/40 Benchmark,0.08210254340032375
2013-04-23,60/40 Benchmark,0.09035221293398776
2013-04-24,60/40 Benchmark,0.08666871331681336
2013-04-25,60/40 Benchmark,0.09325712526694674
2013-04-26,60/40 Benchmark,0.0885036368779446
2013-04-29,60/40 Benchmark,0.09484551737485303
2013-04-30,60/40 Benchmark,0.09959676944526241
2013-05-01,60/40 Benchmark,0.09095740108485728
2013-05-02,60/40 Benchmark,0.0984157366525289
2013-05-03,60/40 Benchmark,0.1094883565592144
2013-05-06,60/40 Benchmark,0.10583329048197743
2013-05-07,60/40 Benchmark,0.11102024177825998
2013-05-08,60/40 Benchmark,0.11048211039171352
2013-05-09,60/40 Benchmark,0.10441226793801595
2013-05-10,60/40 Benchmark,0.10865712792742754
2013-05-13,60/40 Benchmark,0.10658021404984952
2013-05-14,60/40 Benchmark,0.1157723148272205
2013-05-15,60/40 Benchmark,0.12315930128449026
2013-05-16,60/40 Benchmark,0.11428214405939352
2013-05-17,60/40 Benchmark,0.1227756465373564
2013-05-20,60/40 Benchmark,0.12001646125778032
2013-05-21,60/40 Benchmark,0.11829933700442852
2013-05-22,60/40 Benchmark,0.1075688166015456
2013-05-23,60/40 Benchmark,0.1027272541952573
2013-05-24,60/40 Benchmark,0.09935180059308535
2013-05-28,60/40 Benchmark,0.10207119268430298
2013-05-29,60/40 Benchmark,0.08973306894452504
2013-05-30,60/40 Benchmark,0.08833447059809374
2013-05-31,60/40 Benchmark,0.07823096170019084
2013-06-03,60/40 Benchmark,0.08558238077187652
2013-06-04,60/40 Benchmark,0.08475150339380155
2013-06-05,60/40 Benchmark,0.0744397633372349
2013-06-06,60/40 Benchmark,0.08408176751091334
2013-06-07,60/40 Benchmark,0.09712882579282445
2013-06-10,60/40 Benchmark,0.10012283020601176
2013-06-11,60/40 Benchmark,0.09031013771900409
2013-06-12,60/40 Benchmark,0.08138599707695637
2013-06-13,60/40 Benchmark,0.09508476866908144
2013-06-14,60/40 Benchmark,0.09142680950318494
2013-06-17,60/40 Benchmark,0.09751803386220859
2013-06-18,60/40 Benchmark,0.10772138742971915
2013-06-19,60/40 Benchmark,0.09243244234287151
2013-06-20,60/40 Benchmark,0.06726590094069063
2013-06-21,60/40 Benchmark,0.07140276879964458
2013-06-24,60/40 Benchmark,0.06483876589342152
2013-06-25,60/40 Benchmark,0.07489352940716909
2013-06-26,60/40 Benchmark,0.09051908396798947
2013-06-27,60/40 Benchmark,0.09473562542449554
2013-06-28,60/40 Benchmark,0.09083139909317972
2013-07-01,60/40 Benchmark,0.09482933716348563
2013-07-02,60/40 Benchmark,0.09372516213137505
2013-07-03,60/40 Benchmark,0.09832068274427042
2013-07-05,60/40 Benchmark,0.10480177961837622
2013-07-08,60/40 Benchmark,0.1106944571422308
2013-07-09,60/40 Benchmark,0.1152622251564972
2013-07-10,60/40 Benchmark,0.11548193697198528
2013-07-11,60/40 Benchmark,0.13204135757765867
2013-07-12,60/40 Benchmark,0.13170470431241
2013-07-15,60/40 Benchmark,0.13318290563505553
2013-07-16,60/40 Benchmark,0.13073042826729386
2013-07-17,60/40 Benchmark,0.13186089000836287
2013-07-18,60/40 Benchmark,0.132779227044026
2013-07-19,60/40 Benchmark,0.12765574927616674
2013-07-22,60/40 Benchmark,0.12703241082629946
2013-07-23,60/40 Benchmark,0.12633968587854572
2013-07-24,60/40 Benchmark,0.12317091908558808
2013-07-25,60/40 Benchmark,0.12437415692269194
2013-07-26,60/40 Benchmark,0.1322744008726202
2013-07-29,60/40 Benchmark,0.13236042760037892
2013-07-30,60/40 Benchmark,0.13122011569489045
2013-07-31,60/40 Benchmark,0.12690234983000326
2013-08-01,60/40 Benchmark,0.13889963831192276
2013-08-02,60/40 Benchmark,0.14380521967833215
2013-08-05,60/40 Benchmark,0.14102367613860323
2013-08-06,60/40 Benchmark,0.1364452377380394
2013-08-07,60/40 Benchmark,0.13335404361453596
2013-08-08,60/40 Benchmark,0.13353175365796877
2013-08-09,60/40 Benchmark,0.1268621274507875
2013-08-12,60/40 Benchmark,0.1271525814415444
2013-08-13,60/40 Benchmark,0.12800734756154952
2013-08-14,60/40 Benchmark,0.11852601473182811
2013-08-15,60/40 Benchmark,0.10247516809825696
2013-08-16,60/40 Benchmark,0.09757390251773823
2013-08-19,60/40 Benchmark,0.0958972717680806
2013-08-20,60/40 Benchmark,0.09739808382859239
2013-08-21,60/40 Benchmark,0.08891061467033112
2013-08-22,60/40 Benchmark,0.09580385215325671
2013-08-23,60/40 Benchmark,0.10274582958595113
2013-08-26,60/40 Benchmark,0.09571406623112444
2013-08-27,60/40 Benchmark,0.08245189478308923
2013-08-28,60/40 Benchmark,0.08363401188788022
2013-08-29,60/40 Benchmark,0.08862144335084454
2013-08-30,60/40 Benchmark,0.08475908329515813
2013-09-03,60/40 Benchmark,0.08234747996619296
2013-09-04,60/40 Benchmark,0.09007665477047899
2013-09-05,60/40 Benchmark,0.08974008942224199
2013-09-06,60/40 Benchmark,0.09142516641348797
2013-09-09,60/40 Benchmark,0.09874181122713899
2013-09-10,60/40 Benchmark,0.10934858387100754
2013-09-11,60/40 Benchmark,0.11031410425786725
2013-09-12,60/40 Benchmark,0.11272815696414651
2013-09-13,60/40 Benchmark,0.11577612294320483
2013-09-16,60/40 Benchmark,0.12011370972744584
2013-09-17,60/40 Benchmark,0.12611453008692286
2013-09-18,60/40 Benchmark,0.14749099069171612
2013-09-19,60/40 Benchmark,0.14450466423365627
2013-09-20,60/40 Benchmark,0.13491877979024536
2013-09-23,60/40 Benchmark,0.13567705432070443
2013-09-24,60/40 Benchmark,0.13354646454502395
2013-09-25,60/40 Benchmark,0.12721080604386703
2013-09-26,60/40 Benchmark,0.13458577351021694
2013-09-27,60/40 Benchmark,0.1315329474826521
2013-09-30,60/40 Benchmark,0.1253395985962822
2013-10-01,60/40 Benchmark,0.1327492016322256
2013-10-02,60/40 Benchmark,0.13064618460320299
2013-10-03,60/40 Benchmark,0.1194505107909376
2013-10-04,60/40 Benchmark,0.12546058261327575
2013-10-07,60/40 Benchmark,0.11978780238760756
2013-10-08,60/40 Benchmark,0.10858122394093672
2013-10-09,60/40 Benchmark,0.11120349852074374
2013-10-10,60/40 Benchmark,0.13356144612223453
2013-10-11,60/40 Benchmark,0.14225780100501262
2013-10-14,60/40 Benchmark,0.14339122514175684
2013-10-15,60/40 Benchmark,0.13518932365665193
2013-10-16,60/40 Benchmark,0.1490696393454234
2013-10-17,60/40 Benchmark,0.15968510886900678
2013-10-18,60/40 Benchmark,0.1746045087285064
2013-10-21,60/40 Benchmark,0.17705517755954814
2013-10-22,60/40 Benchmark,0.18721635728981068
2013-10-23,60/40 Benchmark,0.18744512242562972
2013-10-24,60/40 Benchmark,0.18808605029355063
2013-10-25,60/40 Benchmark,0.2009864327480666
2013-10-28,60/40 Benchmark,0.20097120816766623
2013-10-29,60/40 Benchmark,0.2075647347163052
2013-10-30,60/40 Benchmark,0.20361537976552535
2013-10-31,60/40 Benchmark,0.2017000857532787
2013-11-01,60/40 Benchmark,0.20515920986667457
2013-11-04,60/40 Benchmark,0.20961118158003478
2013-11-05,60/40 Benchmark,0.20641171783505285
2013-11-06,60/40 Benchmark,0.21312805251038958
2013-11-07,60/40 Benchmark,0.19622911893905415
2013-11-08,60/40 Benchmark,0.20775310781475032
2013-11-11,60/40 Benchmark,0.20918376523843296
2013-11-12,60/40 Benchmark,0.2058483043308852
2013-11-13,60/40 Benchmark,0.2132248217624857
2013-11-14,60/40 Benchmark,0.22210531905129405
2013-11-15,60/40 Benchmark,0.22428367258650628
2013-11-18,60/40 Benchmark,0.22224541409084342
2013-11-19,60/40 Benchmark,0.217854496730431
2013-11-20,60/40 Benchmark,0.20998556235951815
2013-11-21,60/40 Benchmark,0.216980914696975
2013-11-22,60/40 Benchmark,0.22170883039686817
2013-11-25,60/40 Benchmark,0.2222188491473407
2013-11-26,60/40 Benchmark,0.2248222899648058
2013-11-27,60/40 Benchmark,0.22690116471035604
2013-11-29,60/40 Benchmark,0.2271132176903199
2013-12-02,60/40 Benchmark,0.22094975436999742
2013-12-03,60/40 Benchmark,0.21827402739457535
2013-12-04,60/40 Benchmark,0.21630860643604222
2013-12-05,60/40 Benchmark,0.21104957352774778
2013-12-06,60/40 Benchmark,0.22351340679913845
2013-12-09,60/40 Benchmark,0.2222026606040597
2013-12-10,60/40 Benchmark,0.21424295972123986
2013-12-11,60/40 Benchmark,0.20100628463429082
2013-12-12,60/40 Benchmark,0.19370615244638434
2013-12-13,60/40 Benchmark,0.19906807850920938
2013-12-16,60/40 Benchmark,0.20415787912983996
2013-12-17,60/40 Benchmark,0.1995219302931064
2013-12-18,60/40 Benchmark,0.21947841735764562
2013-12-19,60/40 Benchmark,0.2148496203800332
2013-12-20,60/40 Benchmark,0.22061140771160548
2013-12-23,60/40 Benchmark,0.22576343170347024
2013-12-24,60/40 Benchmark,0.22968027835901172
2013-12-26,60/40 Benchmark,0.23440356023775188
2013-12-27,60/40 Benchmark,0.23278538954357653
2013-12-30,60/40 Benchmark,0.23321415756875274
2013-12-31,60/40 Benchmark,0.23577397863926963
2014-01-02,60/40 Benchmark,0.22687101349969074
2014-01-03,60/40 Benchmark,0.2230526409443565
2014-01-06,60/40 Benchmark,0.22079263731951393
2014-01-07,60/40 Benchmark,0.23104419612641136
2014-01-08,60/40 Benchmark,0.2234063085132072
2014-01-09,60/40 Benchmark,0.21910436574176373
2014-01-10,60/40 Benchmark,0.22318619891712888
2014-01-13,60/40 Benchmark,0.2079284453749839
2014-01-14,60/40 Benchmark,0.21730361100000417
2014-01-15,60/40 Benchmark,0.2252071346370903
2014-01-16,60/40 Benchmark,0.2252909638920486
2014-01-17,60/40 Benchmark,0.21966555239448593
2014-01-21,60/40 Benchmark,0.2212929442562832
2014-01-22,60/40 Benchmark,0.2220011101971715
2014-01-23,60/40 Benchmark,0.21731131402584314
2014-01-24,60/40 Benchmark,0.2009904600949961
2014-01-27,60/40 Benchmark,0.19843099480203596
2014-01-28,60/40 Benchmark,0.1991999387012111
2014-01-29,60/40 Benchmark,0.1861458782760006
2014-01-30,60/40 Benchmark,0.19630694003645432
2014-01-31,60/40 Benchmark,0.19274734668658833
2014-02-03,60/40 Benchmark,0.16497174011298132
2014-02-04,60/40 Benchmark,0.17174543834544953
2014-02-05,60/40 Benchmark,0.17183387979874287
2014-02-06,60/40 Benchmark,0.18469128625423537
2014-02-07,60/40 Benchmark,0.19943879266382192
2014-02-10,60/40 Benchmark,0.20508772881060322
2014-02-11,60/40 Benchmark,0.21839499177051347
2014-02-12,60/40 Benchmark,0.21526464279556046
2014-02-13,60/40 Benchmark,0.22617590746397398
2014-02-14,60/40 Benchmark,0.22874662544878754
2014-02-18,60/40 Benchmark,0.22536858133565651
2014-02-19,60/40 Benchmark,0.21853272316606187
2014-02-20,60/40 Benchmark,0.22618454628875373
2014-02-21,60/40 Benchmark,0.2213107507272467
2014-02-24,60/40 Benchmark,0.22055604758991088
2014-02-25,60/40 Benchmark,0.21725073508910353
2014-02-26,60/40 Benchmark,0.21740679525175954
2014-02-27,60/40 Benchmark,0.22511981446234697
2014-02-28,60/40 Benchmark,0.226210762879119
2014-03-03,60/40 Benchmark,0.21597635607102572
2014-03-04,60/40 Benchmark,0.2301132169876754
2014-03-05,60/40 Benchmark,0.2285313479742166
2014-03-06,60/40 Benchmark,0.23178320488754722
2014-03-07,60/40 Benchmark,0.2318501028770601
2014-03-10,60/40 Benchmark,0.22881857690450524
2014-03-11,60/40 Benchmark,0.22763292733711205
2014-03-12,60/40 Benchmark,0.2321883781156815
2014-03-13,60/40 Benchmark,0.2235641636047876
2014-03-14,60/40 Benchmark,0.22265438570441232
2014-03-17,60/40 Benchmark,0.23346517470094863
2014-03-18,60/40 Benchmark,0.23865220682819777
2014-03-19,60/40 Benchmark,0.2278862255425098
2014-03-20,60/40 Benchmark,0.23887319029110965
2014-03-21,60/40 Benchmark,0.2342788471805617
2014-03-24,60/40 Benchmark,0.2309018953974813
2014-03-25,60/40 Benchmark,0.23659255763843023
2014-03-26,60/40 Benchmark,0.22419386704721767
2014-03-27,60/40 Benchmark,0.22610718342589142
2014-03-28,60/40 Benchmark,0.23067614453796215
2014-03-31,60/40 Benchmark,0.23908261436728595
2014-04-01,60/40 Benchmark,0.2449897543076507
2014-04-02,60/40 Benchmark,0.24486207118847703
2014-04-03,60/40 Benchmark,0.24187799680190447
2014-04-04,60/40 Benchmark,0.23048449603926335
2014-04-07,60/40 Benchmark,0.22267601089084232
2014-04-08,60/40 Benchmark,0.23377104189438302
2014-04-09,60/40 Benchmark,0.2408994837024161
2014-04-10,60/40 Benchmark,0.22052013320941954
2014-04-11,60/40 Benchmark,0.21295807555115243
2014-04-14,60/40 Benchmark,0.22119174120937246
2014-04-15,60/40 Benchmark,0.22821179222240562
2014-04-16,60/40 Benchmark,0.24225475583798683
2014-04-17,60/40 Benchmark,0.24217851970315096
2014-04-21,60/40 Benchmark,0.2449916681781532
2014-04-22,60/40 Benchmark,0.24820617362350927
2014-04-23,60/40 Benchmark,0.240938009142303
2014-04-24,60/40 Benchmark,0.24403763956139035
2014-04-25,60/40 Benchmark,0.23613083071282515
2014-04-28,60/40 Benchmark,0.24231530008623592
2014-04-29,60/40 Benchmark,0.2467078462736998
2014-04-30,60/40 Benchmark,0.24943271578019433
2014-05-01,60/40 Benchmark,0.2500493266038679
2014-05-02,60/40 Benchmark,0.2428815546891876
2014-05-05,60/40 Benchmark,0.24882433253586655
2014-05-06,60/40 Benchmark,0.23577579619981637
2014-05-07,60/40 Benchmark,0.241016080492779
2014-05-08,60/40 Benchmark,0.2421488048965097
2014-05-09,60/40 Benchmark,0.24428914162699922
2014-05-12,60/40 Benchmark,0.2522692826145949
2014-05-13,60/40 Benchmark,0.2529052304233843
2014-05-14,60/40 Benchmark,0.2472656921459282
2014-05-15,60/40 Benchmark,0.23873776615971298
2014-05-16,60/40 Benchmark,0.2468287783427039
2014-05-19,60/40 Benchmark,0.24605101003944463
2014-05-20,60/40 Benchmark,0.2374241524985421
2014-05-21,60/40 Benchmark,0.24574537262523344
2014-05-22,60/40 Benchmark,0.2506312776766486
2014-05-23,60/40 Benchmark,0.25714840455278143
2014-05-27,60/40 Benchmark,0.2633460301425694
2014-05-28,60/40 Benchmark,0.2620561250748228
2014-05-29,60/40 Benchmark,0.2674285339473603
2014-05-30,60/40 Benchmark,0.27081613243684544
2014-06-02,60/40 Benchmark,0.27028241389033436
2014-06-03,60/40 Benchmark,0.26525864702068325
2014-06-04,60/40 Benchmark,0.26781619426376246
2014-06-05,60/40 Benchmark,0.28007570331051745
2014-06-06,60/40 Benchmark,0.2831887661724579
2014-06-09,60/40 Benchmark,0.2838791822435518
2014-06-10,60/40 Benchmark,0.28207657148078713
2014-06-11,60/40 Benchmark,0.2748288056289918
2014-06-12,60/40 Benchmark,0.266225807269032
2014-06-13,60/40 Benchmark,0.2690213838372677
2014-06-16,60/40 Benchmark,0.27208150261803166
2014-06-17,60/40 Benchmark,0.27058001966873046
2014-06-18,60/40 Benchmark,0.2870842776701914
2014-06-19,60/40 Benchmark,0.29074078463333897
2014-06-20,60/40 Benchmark,0.28720953635674196
2014-06-23,60/40 Benchmark,0.28844373814379676
2014-06-24,60/40 Benchmark,0.28316785659195776
2014-06-25,60/40 Benchmark,0.2908513749598891
2014-06-26,60/40 Benchmark,0.29106894708831277
2014-06-27,60/40 Benchmark,0.29488699597561574
2014-06-30,60/40 Benchmark,0.29319924406366904
2014-07-01,60/40 Benchmark,0.301255245738437
2014-07-02,60/40 Benchmark,0.29807700374165114
2014-07-03,60/40 Benchmark,0.30110674558089845
2014-07-07,60/40 Benchmark,0.3025671602543576
2014-07-08,60/40 Benchmark,0.29303933932577975
2014-07-09,60/40 Benchmark,0.29898482976261564
2014-07-10,60/40 Benchmark,0.2979796520337974
2014-07-11,60/40 Benchmark,0.304032369277641
2014-07-14,60/40 Benchmark,0.30878679030832523
2014-07-15,60/40 Benchmark,0.3085488411202444
2014-07-16,60/40 Benchmark,0.30972243948885625
2014-07-17,60/40 Benchmark,0.29682021554830507
2014-07-18,60/40 Benchmark,0.3120916872776134
2014-07-21,60/40 Benchmark,0.30857720971063585
2014-07-22,60/40 Benchmark,0.3131005857634228
2014-07-23,60/40 Benchmark,0.31175533837102143
2014-07-24,60/40 Benchmark,0.3122462225656051
2014-07-25,60/40 Benchmark,0.30236497560757347
2014-07-28,60/40 Benchmark,0.3085489894796054
2014-07-29,60/40 Benchmark,0.3039372636077067
2014-07-30,60/40 Benchmark,0.30219543765695067
2014-07-31,60/40 Benchmark,0.27438176240845835
2014-08-01,60/40 Benchmark,0.2703046309126058
2014-08-04,60/40 Benchmark,0.2736840823303488
2014-08-05,60/40 Benchmark,0.26502225401478463
2014-08-06,60/40 Benchmark,0.2591163660464404
2014-08-07,60/40 Benchmark,0.2565258734500844
2014-08-08,60/40 Benchmark,0.2696145836578572
2014-08-11,60/40 Benchmark,0.2704043842478203
2014-08-12,60/40 Benchmark,0.2693419288790533
2014-08-13,60/40 Benchmark,0.2776557476218722
2014-08-14,60/40 Benchmark,0.2848295523744353
2014-08-15,60/40 Benchmark,0.2835332139752684
2014-08-18,60/40 Benchmark,0.29300627431983917
2014-08-19,60/40 Benchmark,0.29812205228673205
2014-08-20,60/40 Benchmark,0.29886716564478055
2014-08-21,60/40 Benchmark,0.301809474540651
2014-08-22,60/40 Benchmark,0.29932463895056527
2014-08-25,60/40 Benchmark,0.3032423554031942
2014-08-26,60/40 Benchmark,0.30092163448769527
2014-08-27,60/40 Benchmark,0.30439438727095824
2014-08-28,60/40 Benchmark,0.30331198669119575
2014-08-29,60/40 Benchmark,0.30668920676942135
2014-09-02,60/40 Benchmark,0.30527258649633415
2014-09-03,60/40 Benchmark,0.30450451464080985
2014-09-04,60/40 Benchmark,0.30620562045716593
2014-09-05,60/40 Benchmark,0.3169186486182156
2014-09-08,60/40 Benchmark,0.3152841583934949
2014-09-09,60/40 Benchmark,0.30303023655467465
2014-09-10,60/40 Benchmark,0.30709199356822836
2014-09-11,60/40 Benchmark,0.30829360136095896
2014-09-12,60/40 Benchmark,0.29900344914528376
2014-09-15,60/40 Benchmark,0.29756734876199675
2014-09-16,60/40 Benchmark,0.30634815432762275
2014-09-17,60/40 Benchmark,0.30456096039282166
2014-09-18,60/40 Benchmark,0.3088979755039596
2014-09-19,60/40 Benchmark,0.3175221561938122
2014-09-22,60/40 Benchmark,0.3081500581646972
2014-09-23,60/40 Benchmark,0.3016496098900032
2014-09-24,60/40 Benchmark,0.31217052549150814
2014-09-25,60/40 Benchmark,0.29492840715423485
2014-09-26,60/40 Benchmark,0.3101517029310594
2014-09-29,60/40 Benchmark,0.3107741767380623
2014-09-30,60/40 Benchmark,0.3112931033638713
2014-10-01,60/40 Benchmark,0.2972835134445506
2014-10-02,60/40 Benchmark,0.2960878511124536
2014-10-03,60/40 Benchmark,0.30888306685682765
2014-10-06,60/40 Benchmark,0.30720859829032743
2014-10-07,60/40 Benchmark,0.29132193542070417
2014-10-08,60/40 Benchmark,0.31222190344129364
2014-10-09,60/40 Benchmark,0.2909410614676904
2014-10-10,60/40 Benchmark,0.2795366348000097
2014-10-13,60/40 Benchmark,0.2641629740051341
2014-10-14,60/40 Benchmark,0.2682540232365489
2014-10-15,60/40 Benchmark,0.2615714713445807
2014-10-16,60/40 Benchmark,0.25625053400375686
2014-10-17,60/40 Benchmark,0.27077876001329115
2014-10-20,60/40 Benchmark,0.2839310893629794
2014-10-21,60/40 Benchmark,0.30036512915383984
2014-10-22,60/40 Benchmark,0.2952166978829631
2014-10-23,60/40 Benchmark,0.30372283818741064
2014-10-24,60/40 Benchmark,0.3083616809791281
2014-10-27,60/40 Benchmark,0.31277436854796137
2014-10-28,60/40 Benchmark,0.32544278092728485
2014-10-29,60/40 Benchmark,0.32195834283769087
2014-10-30,60/40 Benchmark,0.32919181070207304
2014-10-31,60/40 Benchmark,0.33940719140156794
2014-11-03,60/40 Benchmark,0.3424855849949955
2014-11-04,60/40 Benchmark,0.3454077796780084
2014-11-05,60/40 Benchmark,0.3503596732983927
2014-11-06,60/40 Benchmark,0.34753452593065726
2014-11-07,60/40 Benchmark,0.3500723008879194
2014-11-10,60/40 Benchmark,0.357041064047511
2014-11-11,60/40 Benchmark,0.3586375394940622
2014-11-12,60/40 Benchmark,0.35657693430386495
2014-11-13,60/40 Benchmark,0.36515301063308514
2014-11-14,60/40 Benchmark,0.3684908926858854
2014-11-17,60/40 Benchmark,0.3672376895005218
2014-11-18,60/40 Benchmark,0.37050013356821787
2014-11-19,60/40 Benchmark,0.36840786669691195
2014-11-20,60/40 Benchmark,0.3678039206376298
2014-11-21,60/40 Benchmark,0.3711634616466266
2014-11-24,60/40 Benchmark,0.3696388537637063
2014-11-25,60/40 Benchmark,0.3685541855646026
2014-11-26,60/40 Benchmark,0.3745552584014735
2014-11-28,60/40 Benchmark,0.38787212434525276
2014-12-01,60/40 Benchmark,0.3774843898758329
2014-12-02,60/40 Benchmark,0.3750291957026608
2014-12-03,60/40 Benchmark,0.37113246937960476
2014-12-04,60/40 Benchmark,0.3728719434688439
2014-12-05,60/40 Benchmark,0.3695946976503679
2014-12-08,60/40 Benchmark,0.3636762847043886
2014-12-09,60/40 Benchmark,0.3558544705893585
2014-12-10,60/40 Benchmark,0.3380340029607123
2014-12-11,60/40 Benchmark,0.34365796905710133
2014-12-12,60/40 Benchmark,0.3352219063252606
2014-12-15,60/40 Benchmark,0.3244833423032074
2014-12-16,60/40 Benchmark,0.31309717003815574
2014-12-17,60/40 Benchmark,0.33329268321664096
2014-12-18,60/40 Benchmark,0.35843396102748026
2014-12-19,60/40 Benchmark,0.3555525975719158
2014-12-22,60/40 Benchmark,0.37013374197445215
2014-12-23,60/40 Benchmark,0.37194298909335255
2014-12-24,60/40 Benchmark,0.37418819034664086
2014-12-26,60/40 Benchmark,0.3825643613529943
2014-12-29,60/40 Benchmark,0.3847336333017173
2014-12-30,60/40 Benchmark,0.3733206422856239
2014-12-31,60/40 Benchmark,0.3602085174396392
2015-01-02,60/40 Benchmark,0.36004159311223205
2015-01-05,60/40 Benchmark,0.3431194796470911
2015-01-06,60/40 Benchmark,0.33965600560413334
2015-01-07,60/40 Benchmark,0.3508818473163835
2015-01-08,60/40 Benchmark,0.3704706622728229
2015-01-09,60/40 Benchmark,0.35755937323398457
2015-01-12,60/40 Benchmark,0.35354017108823776
2015-01-13,60/40 Benchmark,0.3559017188138389
2015-01-14,60/40 Benchmark,0.34883074459204066
2015-01-15,60/40 Benchmark,0.34444533104476593
2015-01-16,60/40 Benchmark,0.3582201948551649
2015-01-20,60/40 Benchmark,0.3593527579636855
2015-01-21,60/40 Benchmark,0.36538040544506334
2015-01-22,60/40 Benchmark,0.383571551213719
2015-01-23,60/40 Benchmark,0.3853939850208501
2015-01-26,60/40 Benchmark,0.3822368459094301
2015-01-27,60/40 Benchmark,0.3633765927133792
2015-01-28,60/40 Benchmark,0.3582465537745647
2015-01-29,60/40 Benchmark,0.3806181212588209
2015-01-30,60/40 Benchmark,0.3660825860413728
2015-02-02,60/40 Benchmark,0.3800095641689185
2015-02-03,60/40 Benchmark,0.39352330579180106
2015-02-04,60/40 Benchmark,0.39315933241777445
2015-02-05,60/40 Benchmark,0.4054536058036333
2015-02-06,60/40 Benchmark,0.39682522533456743
2015-02-09,60/40 Benchmark,0.38819234828964144
2015-02-10,60/40 Benchmark,0.40419526990893107
2015-02-11,60/40 Benchmark,0.3976813096809879
2015-02-12,60/40 Benchmark,0.39974738016369904
2015-02-13,60/40 Benchmark,0.40383283614482157
2015-02-17,60/40 Benchmark,0.40145028943904926
2015-02-18,60/40 Benchmark,0.40860674808317854
2015-02-19,60/40 Benchmark,0.40412914464911665
2015-02-20,60/40 Benchmark,0.4097890835258371
2015-02-23,60/40 Benchmark,0.4093708625910595
2015-02-24,60/40 Benchmark,0.41320475457064565
2015-02-25,60/40 Benchmark,0.4146930289331574
2015-02-26,60/40 Benchmark,0.4194735008987289
2015-02-27,60/40 Benchmark,0.41547984278318983
2015-03-02,60/40 Benchmark,0.42210488467931695
2015-03-03,60/40 Benchmark,0.41930868396684784
2015-03-04,60/40 Benchmark,0.4091061536354992
2015-03-05,60/40 Benchmark,0.4129809300323568
2015-03-06,60/40 Benchmark,0.3893565752199941
2015-03-09,60/40 Benchmark,0.39478646639557713
2015-03-10,60/40 Benchmark,0.3744941514039781
2015-03-11,60/40 Benchmark,0.36522023157132644
2015-03-12,60/40 Benchmark,0.38661435332277727
2015-03-13,60/40 Benchmark,0.3785018542842644
2015-03-16,60/40 Benchmark,0.39524753588187056
2015-03-17,60/40 Benchmark,0.39077082863997603
2015-03-18,60/40 Benchmark,0.4066082887369338
2015-03-19,60/40 Benchmark,0.40051522185915256
2015-03-20,60/40 Benchmark,0.41199263364506233
2015-03-23,60/40 Benchmark,0.41199085611981423
2015-03-24,60/40 Benchmark,0.40607293189932436
2015-03-25,60/40 Benchmark,0.38062213452537486
2015-03-26,60/40 Benchmark,0.377831814521856
2015-03-27,60/40 Benchmark,0.3797844519894715
2015-03-30,60/40 Benchmark,0.39522204996564514
2015-03-31,60/40 Benchmark,0.3864419025824941
2015-04-01,60/40 Benchmark,0.38184971076010665
2015-04-02,60/40 Benchmark,0.3860957095052313
2015-04-06,60/40 Benchmark,0.3965259715490639
2015-04-07,60/40 Benchmark,0.39199348323017325
2015-04-08,60/40 Benchmark,0.39400503417982535
2015-04-09,60/40 Benchmark,0.3975717751309884
2015-04-10,60/40 Benchmark,0.40273886580921947
2015-04-13,60/40 Benchmark,0.3959389283842334
2015-04-14,60/40 Benchmark,0.3953941619537733
2015-04-15,60/40 Benchmark,0.3972802721322486
2015-04-16,60/40 Benchmark,0.39350552900107183
2015-04-17,60/40 Benchmark,0.37718122319657144
2015-04-20,60/40 Benchmark,0.39772504628158023
2015-04-21,60/40 Benchmark,0.39382886697871644
2015-04-22,60/40 Benchmark,0.4009838429618977
2015-04-23,60/40 Benchmark,0.411817870862097
2015-04-24,60/40 Benchmark,0.435089929524634
2015-04-27,60/40 Benchmark,0.4281267438815868
2015-04-28,60/40 Benchmark,0.43129150858343235
2015-04-29,60/40 Benchmark,0.4260458519521897
2015-04-30,60/40 Benchmark,0.4114559836848115
2015-05-01,60/40 Benchmark,0.42305734580531573
2015-05-04,60/40 Benchmark,0.4236700170800187
2015-05-05,60/40 Benchmark,0.4059733549078175
2015-05-06,60/40 Benchmark,0.3963521562725143
2015-05-07,60/40 Benchmark,0.4032678712523239
2015-05-08,60/40 Benchmark,0.4198759789284576
2015-05-11,60/40 Benchmark,0.4128073958585856
2015-05-12,60/40 Benchmark,0.4111026334996277
2015-05-13,60/40 Benchmark,0.41017998447890824
2015-05-14,60/40 Benchmark,0.4272574639878619
2015-05-15,60/40 Benchmark,0.4301096315527355
2015-05-18,60/40 Benchmark,0.43363433298191856
2015-05-19,60/40 Benchmark,0.43099979731709936
2015-05-20,60/40 Benchmark,0.4309155456703748
2015-05-21,60/40 Benchmark,0.4337912116626035
2015-05-22,60/40 Benchmark,0.4265958288137275
2015-05-26,60/40 Benchmark,0.41625139186025795
2015-05-27,60/40 Benchmark,0.4272759482711497
2015-05-28,60/40 Benchmark,0.42264586553910233
2015-05-29,60/40 Benchmark,0.4139323759556579
2015-06-01,60/40 Benchmark,0.41659934621163064
2015-06-02,60/40 Benchmark,0.41440956949754093
2015-06-03,60/40 Benchmark,0.41857240741229185
2015-06-04,60/40 Benchmark,0.4079110467873921
2015-06-05,60/40 Benchmark,0.3965314534346627
2015-06-08,60/40 Benchmark,0.38994318145131035
2015-06-09,60/40 Benchmark,0.38753699901482697
2015-06-10,60/40 Benchmark,0.4009994445650209
2015-06-11,60/40 Benchmark,0.40594099087164204
2015-06-12,60/40 Benchmark,0.3973186973567957
2015-06-15,60/40 Benchmark,0.38828551205458917
2015-06-16,60/40 Benchmark,0.39809477017082706
2015-06-17,60/40 Benchmark,0.40080393407104986
2015-06-18,60/40 Benchmark,0.42040374677282966
2015-06-19,60/40 Benchmark,0.4126127421714447
2015-06-22,60/40 Benchmark,0.41749576925628173
2015-06-23,60/40 Benchmark,0.41959889056407507
2015-06-24,60/40 Benchmark,0.4099783942112003
2015-06-25,60/40 Benchmark,0.4084596367179323
2015-06-26,60/40 Benchmark,0.41343731920675086
2015-06-29,60/40 Benchmark,0.3923015944514312
2015-06-30,60/40 Benchmark,0.3912224372661639
2015-07-01,60/40 Benchmark,0.4018777412289902
2015-07-02,60/40 Benchmark,0.40751673597094795
2015-07-06,60/40 Benchmark,0.4073519912975454
2015-07-07,60/40 Benchmark,0.42151921612652976
2015-07-08,60/40 Benchmark,0.4027619484793743
2015-07-09,60/40 Benchmark,0.4008187593010848
2015-07-10,60/40 Benchmark,0.41496624612194033
2015-07-13,60/40 Benchmark,0.4310837973288857
2015-07-14,60/40 Benchmark,0.4347140575257129
2015-07-15,60/40 Benchmark,0.4338360403692967
2015-07-16,60/40 Benchmark,0.4482373658077856
2015-07-17,60/40 Benchmark,0.4547048714185189
2015-07-20,60/40 Benchmark,0.4583058831713904
2015-07-21,60/40 Benchmark,0.4494318241975346
2015-07-22,60/40 Benchmark,0.44324656988665345
2015-07-23,60/40 Benchmark,0.4334157581749807
2015-07-24,60/40 Benchmark,0.4336354324430338
2015-07-27,60/40 Benchmark,0.42969178863615487
2015-07-28,60/40 Benchmark,0.4375063334991196
2015-07-29,60/40 Benchmark,0.4475792291530958
2015-07-30,60/40 Benchmark,0.4545295058787744
2015-07-31,60/40 Benchmark,0.45662825579712174
2015-08-03,60/40 Benchmark,0.45663800141663646
2015-08-04,60/40 Benchmark,0.4523830535353943
2015-08-05,60/40 Benchmark,0.45517559331066737
2015-08-06,60/40 Benchmark,0.4431947274351018
2015-08-07,60/40 Benchmark,0.4421747319586449
2015-08-10,60/40 Benchmark,0.4554863260471542
2015-08-11,60/40 Benchmark,0.4500901135495019
2015-08-12,60/40 Benchmark,0.44989351807603795
2015-08-13,60/40 Benchmark,0.44989664525878537
2015-08-14,60/40 Benchmark,0.4567274880164418
2015-08-17,60/40 Benchmark,0.4644816434679757
2015-08-18,60/40 Benchmark,0.45799228489969424
2015-08-19,60/40 Benchmark,0.45381465036998914
2015-08-20,60/40 Benchmark,0.4273294627567501
2015-08-21,60/40 Benchmark,0.38477291046702344
2015-08-24,60/40 Benchmark,0.33100397223833267
2015-08-25,60/40 Benchmark,0.31356766101608935
2015-08-26,60/40 Benchmark,0.36833007123644856
2015-08-27,60/40 Benchmark,0.3966685575650075
2015-08-28,60/40 Benchmark,0.39266090817393495
2015-08-31,60/40 Benchmark,0.3788020740882272
2015-09-01,60/40 Benchmark,0.3423959263414762
2015-09-02,60/40 Benchmark,0.3673837031834062
2015-09-03,60/40 Benchmark,0.36766354147733926
2015-09-04,60/40 Benchmark,0.34841376469169294
2015-09-08,60/40 Benchmark,0.3827310537313111
2015-09-09,60/40 Benchmark,0.36493301676288437
2015-09-10,60/40 Benchmark,0.36893601258050834
2015-09-11,60/40 Benchmark,0.3806877923885066
2015-09-14,60/40 Benchmark,0.37640682521841184
2015-09-15,60/40 Benchmark,0.39030713273268236
2015-09-16,60/40 Benchmark,0.3975877051932739
2015-09-17,60/40 Benchmark,0.39653624417417865
2015-09-18,60/40 Benchmark,0.3832066120257662
2015-09-21,60/40 Benchmark,0.3932976844616185
2015-09-22,60/40 Benchmark,0.3804024829113133
2015-09-23,60/40 Benchmark,0.37723277905787467
2015-09-24,60/40 Benchmark,0.3771800281146709
2015-09-25,60/40 Benchmark,0.3821309971285374
2015-09-28,60/40 Benchmark,0.3616565975122701
2015-09-29,60/40 Benchmark,0.3640229615203123
2015-09-30,60/40 Benchmark,0.3854752354005513
2015-10-01,60/40 Benchmark,0.3836852397008761
2015-10-02,60/40 Benchmark,0.39910874670028784
2015-10-05,60/40 Benchmark,0.4210518459365147
2015-10-06,60/40 Benchmark,0.41660140524836886
2015-10-07,60/40 Benchmark,0.4159398285316023
2015-10-08,60/40 Benchmark,0.42676705121606706
2015-10-09,60/40 Benchmark,0.42953695132968694
2015-10-12,60/40 Benchmark,0.4382310518004531
2015-10-13,60/40 Benchmark,0.43475026710019815
2015-10-14,60/40 Benchmark,0.41730872696707233
2015-10-15,60/40 Benchmark,0.4382720908189268
2015-10-16,60/40 Benchmark,0.4453519207936971
2015-10-19,60/40 Benchmark,0.447986406775464
2015-10-20,60/40 Benchmark,0.44717147064187945
2015-10-21,60/40 Benchmark,0.44411663094100207
2015-10-22,60/40 Benchmark,0.47547031270590323
2015-10-23,60/40 Benchmark,0.49006332171057077
2015-10-26,60/40 Benchmark,0.4907280045816078
2015-10-27,60/40 Benchmark,0.4867268924853012
2015-10-28,60/40 Benchmark,0.4945017002755061
2015-10-29,60/40 Benchmark,0.4947557051130349
2015-10-30,60/40 Benchmark,0.4924574739045109
2015-11-02,60/40 Benchmark,0.5022064099271335
2015-11-03,60/40 Benchmark,0.5045476065890442
2015-11-04,60/40 Benchmark,0.5040402752140443
2015-11-05,60/40 Benchmark,0.5056518767885023
2015-11-06,60/40 Benchmark,0.49528630556992304
2015-11-09,60/40 Benchmark,0.4861713242517114
2015-11-10,60/40 Benchmark,0.48553704837757716
2015-11-11,60/40 Benchmark,0.49070731001036116
2015-11-12,60/40 Benchmark,0.4726955982646097
2015-11-13,60/40 Benchmark,0.4536530187008774
2015-11-16,60/40 Benchmark,0.4760307157242085
2015-11-17,60/40 Benchmark,0.4721343583305908
2015-11-18,60/40 Benchmark,0.4949122133413497
2015-11-19,60/40 Benchmark,0.5030643315977195
2015-11-20,60/40 Benchmark,0.5119768804744238
2015-11-23,60/40 Benchmark,0.5075555470112783
2015-11-24,60/40 Benchmark,0.5028621568997
2015-11-25,60/40 Benchmark,0.5016864362418325
2015-11-27,60/40 Benchmark,0.5013096776169603
2015-11-30,60/40 Benchmark,0.49427456182140395
2015-12-01,60/40 Benchmark,0.5066716331325116
2015-12-02,60/40 Benchmark,0.4917776077633933
2015-12-03,60/40 Benchmark,0.476407896247355
2015-12-04,60/40 Benchmark,0.5093916293631156
2015-12-07,60/40 Benchmark,0.5116648124395935
2015-12-08,60/40 Benchmark,0.5062039453735627
2015-12-09,60/40 Benchmark,0.4923007114895859
2015-12-10,60/40 Benchmark,0.49179375341947384
2015-12-11,60/40 Benchmark,0.4729959712698917
2015-12-14,60/40 Benchmark,0.48858931596369826
2015-12-15,60/40 Benchmark,0.49205707978311275
2015-12-16,60/40 Benchmark,0.5180029757582258
2015-12-17,60/40 Benchmark,0.5038030832291758
2015-12-18,60/40 Benchmark,0.4794316847403526
2015-12-21,60/40 Benchmark,0.4882645119580298
2015-12-22,60/40 Benchmark,0.5023465003055534
2015-12-23,60/40 Benchmark,0.5135308157345702
2015-12-24,60/40 Benchmark,0.509654123199887
2015-12-28,60/40 Benchmark,0.513405802567122
2015-12-29,60/40 Benchmark,0.529156598832419
2015-12-30,60/40 Benchmark,0.5209536886551025
2015-12-31,60/40 Benchmark,0.502912275236457
2016-01-04,60/40 Benchmark,0.4824989872393717
2016-01-05,60/40 Benchmark,0.489588315722959
2016-01-06,60/40 Benchmark,0.4760546996326107
2016-01-07,60/40 Benchmark,0.4484620952656646
2016-01-08,60/40 Benchmark,0.4384291816398376
2016-01-11,60/40 Benchmark,0.44930042028071715
2016-01-12,60/40 Benchmark,0.4554449284263571
2016-01-13,60/40 Benchmark,0.4298991958661915
2016-01-14,60/40 Benchmark,0.450865760433653
2016-01-15,60/40 Benchmark,0.425045863909431
2016-01-19,60/40 Benchmark,0.43616662820464813
2016-01-20,60/40 Benchmark,0.4171109657304315
2016-01-21,60/40 Benchmark,0.4309600044154498
2016-01-22,60/40 Benchmark,0.45722109191496774
2016-01-25,60/40 Benchmark,0.4467501239444922
2016-01-26,60/40 Benchmark,0.4699559233525623
2016-01-27,60/40 Benchmark,0.45213798005442696
2016-01-28,60/40 Benchmark,0.47243808736588533
2016-01-29,60/40 Benchmark,0.5033813512634959
2016-02-01,60/40 Benchmark,0.5121369098156354
2016-02-02,60/40 Benchmark,0.4926004787036933
2016-02-03,60/40 Benchmark,0.49620895613405125
2016-02-04,60/40 Benchmark,0.48982297908517136
2016-02-05,60/40 Benchmark,0.4595084133151215
2016-02-08,60/40 Benchmark,0.4514393150385163
2016-02-09,60/40 Benchmark,0.4484299668174092
2016-02-10,60/40 Benchmark,0.44746971161271176
2016-02-11,60/40 Benchmark,0.4337364707482394
2016-02-12,60/40 Benchmark,0.4451068297879248
2016-02-16,60/40 Benchmark,0.4625498756951578
2016-02-17,60/40 Benchmark,0.47659928954926367
2016-02-18,60/40 Benchmark,0.4772590178338558
2016-02-19,60/40 Benchmark,0.47444694712001034
2016-02-22,60/40 Benchmark,0.4918107094861426
2016-02-23,60/40 Benchmark,0.48092926554608995
2016-02-24,60/40 Benchmark,0.48555798236177283
2016-02-25,60/40 Benchmark,0.504011090899493
2016-02-26,60/40 Benchmark,0.4911779651538617
2016-02-29,60/40 Benchmark,0.48379248426085497
2016-03-01,60/40 Benchmark,0.5107886546389584
2016-03-02,60/40 Benchmark,0.5132340577698278
2016-03-03,60/40 Benchmark,0.5122971438380306
2016-03-04,60/40 Benchmark,0.5149458705547405
2016-03-07,60/40 Benchmark,0.511530181618062
2016-03-08,60/40 Benchmark,0.5136478232019035
2016-03-09,60/40 Benchmark,0.5174427801923733
2016-03-10,60/40 Benchmark,0.5188216544889761
2016-03-11,60/40 Benchmark,0.5314415391582747
2016-03-14,60/40 Benchmark,0.5381048052053785
2016-03-15,60/40 Benchmark,0.545208694251162
2016-03-16,60/40 Benchmark,0.5551206976197873
2016-03-17,60/40 Benchmark,0.5632062413670389
2016-03-18,60/40 Benchmark,0.5636970370878085
2016-03-21,60/40 Benchmark,0.5676722846566331
2016-03-22,60/40 Benchmark,0.5659409010586121
2016-03-23,60/40 Benchmark,0.5626537598499082
2016-03-24,60/40 Benchmark,0.5652304401403558
2016-03-28,60/40 Benchmark,0.5639293866324313
2016-03-29,60/40 Benchmark,0.5781143006629288
2016-03-30,60/40 Benchmark,0.5841497213543434
2016-03-31,60/40 Benchmark,0.5810061591292253
2016-04-01,60/40 Benchmark,0.5898047874782453
2016-04-04,60/40 Benchmark,0.5854969838847859
2016-04-05,60/40 Benchmark,0.5740188303885148
2016-04-06,60/40 Benchmark,0.5795874272841239
2016-04-07,60/40 Benchmark,0.5682064899600914
2016-04-08,60/40 Benchmark,0.5689156377106799
2016-04-11,60/40 Benchmark,0.5619313571462121
2016-04-12,60/40 Benchmark,0.5732993481255722
2016-04-13,60/40 Benchmark,0.5796392339107221
2016-04-14,60/40 Benchmark,0.5799640164862843
2016-04-15,60/40 Benchmark,0.5838594009515043
2016-04-18,60/40 Benchmark,0.5952851832726269
2016-04-19,60/40 Benchmark,0.5972830595773035
2016-04-20,60/40 Benchmark,0.5885232837910084
2016-04-21,60/40 Benchmark,0.5735085525310055
2016-04-22,60/40 Benchmark,0.5615005131645205
2016-04-25,60/40 Benchmark,0.5656699270537049
2016-04-26,60/40 Benchmark,0.5620220455967271
2016-04-27,60/40 Benchmark,0.5650486819371665
2016-04-28,60/40 Benchmark,0.5518081250711169
2016-04-29,60/40 Benchmark,0.5562772275937815
2016-05-02,60/40 Benchmark,0.5696711750420951
2016-05-03,60/40 Benchmark,0.5611260857657139
2016-05-04,60/40 Benchmark,0.5621002082728399
2016-05-05,60/40 Benchmark,0.5606401345321419
2016-05-06,60/40 Benchmark,0.5653459536268235
2016-05-09,60/40 Benchmark,0.5689934950371554
2016-05-10,60/40 Benchmark,0.5864294467501547
2016-05-11,60/40 Benchmark,0.5722091656265267
2016-05-12,60/40 Benchmark,0.5765505603971877
2016-05-13,60/40 Benchmark,0.5627011042958887
2016-05-16,60/40 Benchmark,0.5742047893290525
2016-05-17,60/40 Benchmark,0.5563156735302532
2016-05-18,60/40 Benchmark,0.5408014264991443
2016-05-19,60/40 Benchmark,0.5424604482558839
2016-05-20,60/40 Benchmark,0.5449899941846996
2016-05-23,60/40 Benchmark,0.5378148239295442
2016-05-24,60/40 Benchmark,0.5557292639461253
2016-05-25,60/40 Benchmark,0.5611208874970246
2016-05-26,60/40 Benchmark,0.5662116029278657
2016-05-27,60/40 Benchmark,0.5700242394829764
2016-05-31,60/40 Benchmark,0.567921507998316
2016-06-01,60/40 Benchmark,0.5650112420332447
2016-06-02,60/40 Benchmark,0.566649162823335
2016-06-03,60/40 Benchmark,0.5686671929531946
2016-06-06,60/40 Benchmark,0.576842840572674
2016-06-07,60/40 Benchmark,0.5790518833840843
2016-06-08,60/40 Benchmark,0.5838430517312168
2016-06-09,60/40 Benchmark,0.5907717770127912
2016-06-10,60/40 Benchmark,0.5870715378432734
2016-06-13,60/40 Benchmark,0.5805328244201111
2016-06-14,60/40 Benchmark,0.5859843603305905
2016-06-15,60/40 Benchmark,0.5808606856539251
2016-06-16,60/40 Benchmark,0.5863855845371058
2016-06-17,60/40 Benchmark,0.5810688055890703
2016-06-20,60/40 Benchmark,0.5884734725870113
2016-06-21,60/40 Benchmark,0.5937214932126031
2016-06-22,60/40 Benchmark,0.5872017837170573
2016-06-23,60/40 Benchmark,0.6011128696674468
2016-06-24,60/40 Benchmark,0.5684838261651592
2016-06-27,60/40 Benchmark,0.5615852322675081
2016-06-28,60/40 Benchmark,0.5798096078515833
2016-06-29,60/40 Benchmark,0.598687313933775
2016-06-30,60/40 Benchmark,0.6211532147968146
2016-07-01,60/40 Benchmark,0.6252419700911258
2016-07-05,60/40 Benchmark,0.6252619858233486
2016-07-06,60/40 Benchmark,0.6305118786731001
2016-07-07,60/40 Benchmark,0.620909503549139
2016-07-08,60/40 Benchmark,0.6374174627822522
2016-07-11,60/40 Benchmark,0.641306487517374
2016-07-12,60/40 Benchmark,0.6395181593234394
2016-07-13,60/40 Benchmark,0.6407479059350869
2016-07-14,60/40 Benchmark,0.6490131097558722
2016-07-15,60/40 Benchmark,0.6483164405545656
2016-07-18,60/40 Benchmark,0.6520701516413048
2016-07-19,60/40 Benchmark,0.6547945382217633
2016-07-20,60/40 Benchmark,0.6588508385901617
2016-07-21,60/40 Benchmark,0.6546318285099191
2016-07-22,60/40 Benchmark,0.6623007915920522
2016-07-25,60/40 Benchmark,0.658602290512007
2016-07-26,60/40 Benchmark,0.6485668912184221
2016-07-27,60/40 Benchmark,0.6484512289190698
2016-07-28,60/40 Benchmark,0.6481523349375831
2016-07-29,60/40 Benchmark,0.656330846044302
2016-08-01,60/40 Benchmark,0.6568905421955036
2016-08-02,60/40 Benchmark,0.6465981528040698
2016-08-03,60/40 Benchmark,0.6449191240666636
2016-08-04,60/40 Benchmark,0.6454403602174372
2016-08-05,60/40 Benchmark,0.6520332047112667
2016-08-08,60/40 Benchmark,0.6501494180705223
2016-08-09,60/40 Benchmark,0.652855648666288
2016-08-10,60/40 Benchmark,0.6540500152502096
2016-08-11,60/40 Benchmark,0.6590398265698754
2016-08-12,60/40 Benchmark,0.6549080060869639
2016-08-15,60/40 Benchmark,0.6491376249962921
2016-08-16,60/40 Benchmark,0.6348145856122984
2016-08-17,60/40 Benchmark,0.6396017453575213
2016-08-18,60/40 Benchmark,0.6423961343488862
2016-08-19,60/40 Benchmark,0.6338848362115612
2016-08-22,60/40 Benchmark,0.633896602334816
2016-08-23,60/40 Benchmark,0.6355206247912233
2016-08-24,60/40 Benchmark,0.6344643529024818
2016-08-25,60/40 Benchmark,0.6343394176868666
2016-08-26,60/40 Benchmark,0.6259833867290157
2016-08-29,60/40 Benchmark,0.6319225728094522
2016-08-30,60/40 Benchmark,0.6233395300531483
2016-08-31,60/40 Benchmark,0.6221689674297843
2016-09-01,60/40 Benchmark,0.6257285081834196
2016-09-02,60/40 Benchmark,0.6322686024860456
2016-09-06,60/40 Benchmark,0.6400720446774524
2016-09-07,60/40 Benchmark,0.6379493301269215
2016-09-08,60/40 Benchmark,0.6309115173538065
2016-09-09,60/40 Benchmark,0.5912217803167736
2016-09-12,60/40 Benchmark,0.6155250283085838
2016-09-13,60/40 Benchmark,0.5974405438680803
2016-09-14,60/40 Benchmark,0.6003927873388122
2016-09-15,60/40 Benchmark,0.6150833674447489
2016-09-16,60/40 Benchmark,0.6126474670857496
2016-09-19,60/40 Benchmark,0.6103351205677534
2016-09-20,60/40 Benchmark,0.6127654712308483
2016-09-21,60/40 Benchmark,0.6353854332737767
2016-09-22,60/40 Benchmark,0.6473123842852173
2016-09-23,60/40 Benchmark,0.6436195774188336
2016-09-26,60/40 Benchmark,0.6322189509616347
2016-09-27,60/40 Benchmark,0.6420322117336799
2016-09-28,60/40 Benchmark,0.6372463836205011
2016-09-29,60/40 Benchmark,0.6217286691063162
2016-09-30,60/40 Benchmark,0.6272836002483466
2016-10-03,60/40 Benchmark,0.6224741290324705
2016-10-04,60/40 Benchmark,0.6088785537238721
2016-10-05,60/40 Benchmark,0.6059362132190274
2016-10-06,60/40 Benchmark,0.6030993030438325
2016-10-07,60/40 Benchmark,0.5930636489893137
2016-10-10,60/40 Benchmark,0.6013267991680646
2016-10-11,60/40 Benchmark,0.5874672729864772
2016-10-12,60/40 Benchmark,0.5963407418394888
2016-10-13,60/40 Benchmark,0.6001615120928796
2016-10-14,60/40 Benchmark,0.5974596124165816
2016-10-17,60/40 Benchmark,0.5952264997637859
2016-10-18,60/40 Benchmark,0.5969701372934146
2016-10-19,60/40 Benchmark,0.5990625274548693
2016-10-20,60/40 Benchmark,0.593086859065862
2016-10-21,60/40 Benchmark,0.5907091778150337
2016-10-24,60/40 Benchmark,0.6002732376833735
2016-10-25,60/40 Benchmark,0.593845158000317
2016-10-26,60/40 Benchmark,0.5943454095633154
2016-10-27,60/40 Benchmark,0.5931282576407118
2016-10-28,60/40 Benchmark,0.5888488988639928
2016-10-31,60/40 Benchmark,0.5904390804019113
2016-11-01,60/40 Benchmark,0.5764121567191611
2016-11-02,60/40 Benchmark,0.5672850165971313
2016-11-03,60/40 Benchmark,0.5669798492476275
2016-11-04,60/40 Benchmark,0.561794422873142
2016-11-07,60/40 Benchmark,0.5917246573403105
2016-11-08,60/40 Benchmark,0.5969060627732139
2016-11-09,60/40 Benchmark,0.5966236545317998
2016-11-10,60/40 Benchmark,0.57252840888006
2016-11-11,60/40 Benchmark,0.5739593577822204
2016-11-14,60/40 Benchmark,0.5610466574980448
2016-11-15,60/40 Benchmark,0.5789637750164498
2016-11-16,60/40 Benchmark,0.5839816133013369
2016-11-17,60/40 Benchmark,0.5864475863337306
2016-11-18,60/40 Benchmark,0.5813449318992014
2016-11-21,60/40 Benchmark,0.5902327849092905
2016-11-22,60/40 Benchmark,0.5979030522564355
2016-11-23,60/40 Benchmark,0.5988361510636191
2016-11-25,60/40 Benchmark,0.6089931273355029
2016-11-28,60/40 Benchmark,0.6128251778692271
2016-11-29,60/40 Benchmark,0.6136716168798988
2016-11-30,60/40 Benchmark,0.5889490079314659
2016-12-01,60/40 Benchmark,0.5835644040309611
2016-12-02,60/40 Benchmark,0.5819209653073263
2016-12-05,60/40 Benchmark,0.5909589881260076
2016-12-06,60/40 Benchmark,0.5951776615819016
2016-12-07,60/40 Benchmark,0.6185496148895555
2016-12-08,60/40 Benchmark,0.6190543069650682
2016-12-09,60/40 Benchmark,0.6328236932160112
2016-12-12,60/40 Benchmark,0.6449877684395111
2016-12-13,60/40 Benchmark,0.6579344986595708
2016-12-14,60/40 Benchmark,0.643561283573604
2016-12-15,60/40 Benchmark,0.6428463983375861
2016-12-16,60/40 Benchmark,0.6450140444452233
2016-12-19,60/40 Benchmark,0.6570966704563181
2016-12-20,60/40 Benchmark,0.6628706369624813
2016-12-21,60/40 Benchmark,0.660670923741502
2016-12-22,60/40 Benchmark,0.6615022910992607
2016-12-23,60/40 Benchmark,0.6600534100389606
2016-12-27,60/40 Benchmark,0.6600945404416991
2016-12-28,60/40 Benchmark,0.6501569978687891
2016-12-29,60/40 Benchmark,0.654030574430291
2016-12-30,60/40 Benchmark,0.6441568596380185
2017-01-03,60/40 Benchmark,0.6538010171223412
2017-01-04,60/40 Benchmark,0.6577367738435598
2017-01-05,60/40 Benchmark,0.6650037184983462
2017-01-06,60/40 Benchmark,0.666481326318898
2017-01-09,60/40 Benchmark,0.6606020193212796
2017-01-10,60/40 Benchmark,0.6584888646499731
2017-01-11,60/40 Benchmark,0.6617622352255941
2017-01-12,60/40 Benchmark,0.6623559114763202
2017-01-13,60/40 Benchmark,0.6612302932238814
2017-01-17,60/40 Benchmark,0.6666765048651087
2017-01-18,60/40 Benchmark,0.6657768227878336
2017-01-19,60/40 Benchmark,0.6615652726186916
2017-01-20,60/40 Benchmark,0.6659051693661462
2017-01-23,60/40 Benchmark,0.6659593179176584
2017-01-24,60/40 Benchmark,0.6615622524767626
2017-01-25,60/40 Benchmark,0.6699152705083622
2017-01-26,60/40 Benchmark,0.6688331356971284
2017-01-27,60/40 Benchmark,0.6696681352425697
2017-01-30,60/40 Benchmark,0.6657125541505071
2017-01-31,60/40 Benchmark,0.6654297803467402
2017-02-01,60/40 Benchmark,0.6611084184743841
2017-02-02,60/40 Benchmark,0.659533670379107
2017-02-03,60/40 Benchmark,0.6622560702841522
2017-02-06,60/40 Benchmark,0.6615785984432416
2017-02-07,60/40 Benchmark,0.6655188563375332
2017-02-08,60/40 Benchmark,0.6730738882567777
2017-02-09,60/40 Benchmark,0.6802589161676844
2017-02-10,60/40 Benchmark,0.6878675325992853
2017-02-13,60/40 Benchmark,0.692215060192056
2017-02-14,60/40 Benchmark,0.6936520454691364
2017-02-15,60/40 Benchmark,0.6956331928274595
2017-02-16,60/40 Benchmark,0.7036151177528507
2017-02-17,60/40 Benchmark,0.709701469547886
2017-02-21,60/40 Benchmark,0.7216276073614534
2017-02-22,60/40 Benchmark,0.7279351925165474
2017-02-23,60/40 Benchmark,0.7358606291272702
2017-02-24,60/40 Benchmark,0.7455694583179162
2017-02-27,60/40 Benchmark,0.7381536882909765
2017-02-28,60/40 Benchmark,0.7369724906069983
2017-03-01,60/40 Benchmark,0.7505843143514277
2017-03-02,60/40 Benchmark,0.7476817298979559
2017-03-03,60/40 Benchmark,0.7454286581150398
2017-03-06,60/40 Benchmark,0.7421332942152055
2017-03-07,60/40 Benchmark,0.740800732197832
2017-03-08,60/40 Benchmark,0.7361841494873484
2017-03-09,60/40 Benchmark,0.7369010567740066
2017-03-10,60/40 Benchmark,0.7412171532679115
2017-03-13,60/40 Benchmark,0.7441601078727551
2017-03-14,60/40 Benchmark,0.7435736837418763
2017-03-15,60/40 Benchmark,0.7572455110079463
2017-03-16,60/40 Benchmark,0.7534850085652134
2017-03-17,60/40 Benchmark,0.7631954947506709
2017-03-20,60/40 Benchmark,0.7624226156984237
2017-03-21,60/40 Benchmark,0.7541904112528635
2017-03-22,60/40 Benchmark,0.749107942578547
2017-03-23,60/40 Benchmark,0.7481175121015793
2017-03-24,60/40 Benchmark,0.7497093987364782
2017-03-27,60/40 Benchmark,0.7481163291692208
2017-03-28,60/40 Benchmark,0.7552729154406039
2017-03-29,60/40 Benchmark,0.7560107429990319
2017-03-30,60/40 Benchmark,0.7576806923027226
2017-03-31,60/40 Benchmark,0.7572843876884516
2017-04-03,60/40 Benchmark,0.7589842024543727
2017-04-04,60/40 Benchmark,0.7618140525561126
2017-04-05,60/40 Benchmark,0.760594174527035
2017-04-06,60/40 Benchmark,0.753198408428617
2017-04-07,60/40 Benchmark,0.7534130656025178
2017-04-10,60/40 Benchmark,0.7517125329931993
2017-04-11,60/40 Benchmark,0.750967075326846
2017-04-12,60/40 Benchmark,0.753229069395924
2017-04-13,60/40 Benchmark,0.7457746531312404
2017-04-17,60/40 Benchmark,0.7596608168014853
2017-04-18,60/40 Benchmark,0.7568793222770889
2017-04-19,60/40 Benchmark,0.7539659025165408
2017-04-20,60/40 Benchmark,0.7616454802350086
2017-04-21,60/40 Benchmark,0.7609234985327642
2017-04-24,60/40 Benchmark,0.7723380680811704
2017-04-25,60/40 Benchmark,0.7805336717314268
2017-04-26,60/40 Benchmark,0.7831129592366859
2017-04-27,60/40 Benchmark,0.7835741314877784
2017-04-28,60/40 Benchmark,0.7811452541594035
2017-05-01,60/40 Benchmark,0.7821459606915657
2017-05-02,60/40 Benchmark,0.7850680287383627
2017-05-03,60/40 Benchmark,0.7812987244081475
2017-05-04,60/40 Benchmark,0.7828167815560096
2017-05-05,60/40 Benchmark,0.7908279113719314
2017-05-08,60/40 Benchmark,0.794373651579245
2017-05-09,60/40 Benchmark,0.7946960355470012
2017-05-10,60/40 Benchmark,0.790114299530539
2017-05-11,60/40 Benchmark,0.7880767834362736
2017-05-12,60/40 Benchmark,0.7909666364252053
2017-05-15,60/40 Benchmark,0.7958027122904736
2017-05-16,60/40 Benchmark,0.791357745295719
2017-05-17,60/40 Benchmark,0.7660120894523355
2017-05-18,60/40 Benchmark,0.7777150693280528
2017-05-19,60/40 Benchmark,0.7896813351291292
2017-05-22,60/40 Benchmark,0.7986070155594567
2017-05-23,60/40 Benchmark,0.8006369881507795
2017-05-24,60/40 Benchmark,0.8050339392811527
2017-05-25,60/40 Benchmark,0.8165855750473947
2017-05-26,60/40 Benchmark,0.8168739763459627
2017-05-30,60/40 Benchmark,0.8248301554488813
2017-05-31,60/40 Benchmark,0.8280929922826408
2017-06-01,60/40 Benchmark,0.8337485800263922
2017-06-02,60/40 Benchmark,0.8457251474923306
2017-06-05,60/40 Benchmark,0.8433187834973035
2017-06-06,60/40 Benchmark,0.8367109708357241
2017-06-07,60/40 Benchmark,0.8415046853131147
2017-06-08,60/40 Benchmark,0.8344531775342332
2017-06-09,60/40 Benchmark,0.8278349420345985
2017-06-12,60/40 Benchmark,0.8247583831587282
2017-06-13,60/40 Benchmark,0.8299431638357226
2017-06-14,60/40 Benchmark,0.8313940494707086
2017-06-15,60/40 Benchmark,0.8294555055201516
2017-06-16,60/40 Benchmark,0.8268484335242121
2017-06-19,60/40 Benchmark,0.8378685857112989
2017-06-20,60/40 Benchmark,0.8299291060175715
2017-06-21,60/40 Benchmark,0.8325036987988592
2017-06-22,60/40 Benchmark,0.8281497131172484
2017-06-23,60/40 Benchmark,0.8311437424739763
2017-06-26,60/40 Benchmark,0.832566120445777
2017-06-27,60/40 Benchmark,0.8113906672762319
2017-06-28,60/40 Benchmark,0.8183166868129645
2017-06-29,60/40 Benchmark,0.7960173731014102
2017-06-30,60/40 Benchmark,0.8043977897427543
2017-07-03,60/40 Benchmark,0.8022169621768314
2017-07-05,60/40 Benchmark,0.8052846055003755
2017-07-06,60/40 Benchmark,0.7902550914145723
2017-07-07,60/40 Benchmark,0.799533526356689
2017-07-10,60/40 Benchmark,0.8001027422090996
2017-07-11,60/40 Benchmark,0.7976934179036765
2017-07-12,60/40 Benchmark,0.8122581384209497
2017-07-13,60/40 Benchmark,0.8089988486497934
2017-07-14,60/40 Benchmark,0.8193092337981622
2017-07-17,60/40 Benchmark,0.8195324755115576
2017-07-18,60/40 Benchmark,0.8222420264154915
2017-07-19,60/40 Benchmark,0.8294488586113178
2017-07-20,60/40 Benchmark,0.8388424381805311
2017-07-21,60/40 Benchmark,0.8408444236921908
2017-07-24,60/40 Benchmark,0.8333669840685105
2017-07-25,60/40 Benchmark,0.8304467450579827
2017-07-26,60/40 Benchmark,0.8491230405693058
2017-07-27,60/40 Benchmark,0.8696087471881608
2017-07-28,60/40 Benchmark,0.8583853671261739
2017-07-31,60/40 Benchmark,0.8585613428115513
2017-08-01,60/40 Benchmark,0.8785640903007406
2017-08-02,60/40 Benchmark,0.8726488459110411
2017-08-03,60/40 Benchmark,0.8754546970323862
2017-08-04,60/40 Benchmark,0.8737398882728282
2017-08-07,60/40 Benchmark,0.8766131493362992
2017-08-08,60/40 Benchmark,0.8736635868092044
2017-08-09,60/40 Benchmark,0.8658899586680668
2017-08-10,60/40 Benchmark,0.84934428794581
2017-08-11,60/40 Benchmark,0.8526492409276736
2017-08-14,60/40 Benchmark,0.8680530455484123
2017-08-15,60/40 Benchmark,0.867716584066651
2017-08-16,60/40 Benchmark,0.8711087508548601
2017-08-17,60/40 Benchmark,0.8453808327569179
2017-08-18,60/40 Benchmark,0.838315225635027
2017-08-21,60/40 Benchmark,0.8415738813512565
2017-08-22,60/40 Benchmark,0.8570280077016625
2017-08-23,60/40 Benchmark,0.8509487874458674
2017-08-24,60/40 Benchmark,0.847909106850341
2017-08-25,60/40 Benchmark,0.8501572936685307
2017-08-28,60/40 Benchmark,0.8515382343868927
2017-08-29,60/40 Benchmark,0.8541335610402339
2017-08-30,60/40 Benchmark,0.8558650033244923
2017-08-31,60/40 Benchmark,0.8598889931435547
2017-09-01,60/40 Benchmark,0.8574947405740097
2017-09-05,60/40 Benchmark,0.8503658742149172
2017-09-06,60/40 Benchmark,0.8447555695696014
2017-09-07,60/40 Benchmark,0.8436252669806639
2017-09-08,60/40 Benchmark,0.8396376304194659
2017-09-11,60/40 Benchmark,0.8565235355171059
2017-09-12,60/40 Benchmark,0.8529092504136295
2017-09-13,60/40 Benchmark,0.8585904587218369
2017-09-14,60/40 Benchmark,0.8613241827401383
2017-09-15,60/40 Benchmark,0.8725484391649418
2017-09-18,60/40 Benchmark,0.8693719430372158
2017-09-19,60/40 Benchmark,0.8767239964288638
2017-09-20,60/40 Benchmark,0.8728742888061432
2017-09-21,60/40 Benchmark,0.8641240703694326
2017-09-22,60/40 Benchmark,0.8630030128037842
2017-09-25,60/40 Benchmark,0.8579259055128037
2017-09-26,60/40 Benchmark,0.8543032025755462
2017-09-27,60/40 Benchmark,0.8543102969926111
2017-09-28,60/40 Benchmark,0.8572381713408392
2017-09-29,60/40 Benchmark,0.8598488551831807
2017-10-02,60/40 Benchmark,0.8640413470919377
2017-10-03,60/40 Benchmark,0.8683213565892063
2017-10-04,60/40 Benchmark,0.8729258606241836
2017-10-05,60/40 Benchmark,0.8837107468353635
2017-10-06,60/40 Benchmark,0.8822160158737922
2017-10-09,60/40 Benchmark,0.8832387147301237
2017-10-10,60/40 Benchmark,0.8935018617867498
2017-10-11,60/40 Benchmark,0.9013276881857673
2017-10-12,60/40 Benchmark,0.8938665536482102
2017-10-13,60/40 Benchmark,0.894371889885148
2017-10-16,60/40 Benchmark,0.8974776237423141
2017-10-17,60/40 Benchmark,0.9053019180362936
2017-10-18,60/40 Benchmark,0.9062906456753328
2017-10-19,60/40 Benchmark,0.9225644352438396
2017-10-20,60/40 Benchmark,0.9316928293948623
2017-10-23,60/40 Benchmark,0.923488475245239
2017-10-24,60/40 Benchmark,0.9277001267584497
2017-10-25,60/40 Benchmark,0.9210317110978294
2017-10-26,60/40 Benchmark,0.9261746916676945
2017-10-27,60/40 Benchmark,0.9534258244305722
2017-10-30,60/40 Benchmark,0.9455799655706265
2017-10-31,60/40 Benchmark,0.9443102710308298
2017-11-01,60/40 Benchmark,0.9460593429335893
2017-11-02,60/40 Benchmark,0.954407997303585
2017-11-03,60/40 Benchmark,0.9615261394282024
2017-11-06,60/40 Benchmark,0.9534283178794045
2017-11-07,60/40 Benchmark,0.961143052630355
2017-11-08,60/40 Benchmark,0.9704589331097271
2017-11-09,60/40 Benchmark,0.9661827378288947
2017-11-10,60/40 Benchmark,0.9611358626550455
2017-11-13,60/40 Benchmark,0.9651843177208479
2017-11-14,60/40 Benchmark,0.964002878627112
2017-11-15,60/40 Benchmark,0.9558038985367125
2017-11-16,60/40 Benchmark,0.9765916927375624
2017-11-17,60/40 Benchmark,0.96958489931917
2017-11-20,60/40 Benchmark,0.9753935983972355
2017-11-21,60/40 Benchmark,0.9850940456558845
2017-11-22,60/40 Benchmark,0.9881218926128672
2017-11-24,60/40 Benchmark,0.9930350299135808
2017-11-27,60/40 Benchmark,0.9985501091661717
2017-11-28,60/40 Benchmark,1.0139534812627145
2017-11-29,60/40 Benchmark,1.014405146844302
2017-11-30,60/40 Benchmark,1.0300575758399422
2017-12-01,60/40 Benchmark,1.023705805563857
2017-12-04,60/40 Benchmark,1.0180847553273091
2017-12-05,60/40 Benchmark,1.0127778979002477
2017-12-06,60/40 Benchmark,1.0185063322859773
2017-12-07,60/40 Benchmark,1.0217274914026793
2017-12-08,60/40 Benchmark,1.0283699466573335
2017-12-11,60/40 Benchmark,1.0426127204686622
2017-12-12,60/40 Benchmark,1.050311849565404
2017-12-13,60/40 Benchmark,1.0628280024709253
2017-12-14,60/40 Benchmark,1.0586392184476225
2017-12-15,60/40 Benchmark,1.06895411134074
2017-12-18,60/40 Benchmark,1.0699121583598763
2017-12-19,60/40 Benchmark,1.0584397733929611
2017-12-20,60/40 Benchmark,1.053019712733637
2017-12-21,60/40 Benchmark,1.0514257711115014
2017-12-22,60/40 Benchmark,1.0435315708943254
2017-12-26,60/40 Benchmark,1.0402400447431082
2017-12-27,60/40 Benchmark,1.041924196636943
2017-12-28,60/40 Benchmark,1.0462199872233224
2017-12-29,60/40 Benchmark,1.0354356302127892
2018-01-02,60/40 Benchmark,1.0441277111945868
2018-01-03,60/40 Benchmark,1.0442221494206314
2018-01-04,60/40 Benchmark,1.0506255766498733
2018-01-05,60/40 Benchmark,1.0652807167348697
2018-01-08,60/40 Benchmark,1.0689188064119892
2018-01-09,60/40 Benchmark,1.0645006551953538
2018-01-10,60/40 Benchmark,1.057049501145138
2018-01-11,60/40 Benchmark,1.0633088929617447
2018-01-12,60/40 Benchmark,1.0799393713066232
2018-01-16,60/40 Benchmark,1.0708019809273224
2018-01-17,60/40 Benchmark,1.0892706105103511
2018-01-18,60/40 Benchmark,1.0835465242767435
2018-01-19,60/40 Benchmark,1.0895576049641051
2018-01-22,60/40 Benchmark,1.1033242310140081
2018-01-23,60/40 Benchmark,1.1019711786198716
2018-01-24,60/40 Benchmark,1.098616650747187
2018-01-25,60/40 Benchmark,1.1153029710484117
2018-01-26,60/40 Benchmark,1.1294589330698503
2018-01-29,60/40 Benchmark,1.1100031096520961
2018-01-30,60/40 Benchmark,1.1008027874615358
2018-01-31,60/40 Benchmark,1.1070934020517806
2018-02-01,60/40 Benchmark,1.1051400535113425
2018-02-02,60/40 Benchmark,1.0710655807398988
2018-02-05,60/40 Benchmark,0.9972272827140838
2018-02-06,60/40 Benchmark,1.0226038848754775
2018-02-07,60/40 Benchmark,1.0145855737165936
2013-02-11,Aggressive,-0.015352240577630294
2013-02-12,Aggressive,-0.009799533380486558
2013-02-13,Aggressive,0.011992572862296047
2013-02-14,Aggressive,0.009948078153723783
2013-02-15,Aggressive,0.0012674177534213182
2013-02-19,Aggressive,0.014097086782155044
2013-02-20,Aggressive,0.005044801568282464
2013-02-21,Aggressive,0.001810839221962457
2013-02-22,Aggressive,0.003260797618671374
2013-02-25,Aggressive,-0.014595767318940966
2013-02-26,Aggressive,-0.01087752147036658
2013-02-27,Aggressive,0.008290998874130873
2013-02-28,Aggressive,0.007572304049135337
2013-03-01,Aggressive,0.01567734941951482
2013-03-04,Aggressive,0.03708904582092809
2013-03-05,Aggressive,0.052923443923123425
2013-03-06,Aggressive,0.04801479006870846
2013-03-07,Aggressive,0.052320501584217194
2013-03-08,Aggressive,0.053220140841539365
2013-03-11,Aggressive,0.04847656330555683
2013-03-12,Aggressive,0.05566215531230223
2013-03-13,Aggressive,0.06009356542523214
2013-03-14,Aggressive,0.039306263052895085
2013-03-15,Aggressive,0.030435323546263104
2013-03-18,Aggressive,0.01750082817968135
2013-03-19,Aggressive,0.011928944418945875
2013-03-20,Aggressive,0.027820280868462
2013-03-21,Aggressive,0.015455680466625932
2013-03-22,Aggressive,0.03240202552708893
2013-03-25,Aggressive,0.02460330348846762
2013-03-26,Aggressive,0.038541630616865774
2013-03-27,Aggressive,0.04889909678865911
2013-03-28,Aggressive,0.05820094205916693
2013-04-01,Aggressive,0.04522526875180999
2013-04-02,Aggressive,0.0516204847881363
2013-04-03,Aggressive,0.04084252965083812
2013-04-04,Aggressive,0.04563258811127491
2013-04-05,Aggressive,0.03206493194503679
2013-04-08,Aggressive,0.04403727008449754
2013-04-09,Aggressive,0.05264771891214859
2013-04-10,Aggressive,0.06596553201128752
2013-04-11,Aggressive,0.08261210575068256
2013-04-12,Aggressive,0.0885990451211971
2013-04-15,Aggressive,0.07092727997857406
2013-04-16,Aggressive,0.08717064839078148
2013-04-17,Aggressive,0.07250224832738916
2013-04-18,Aggressive,0.04984944116435308
2013-04-19,Aggressive,0.056159888306605454
2013-04-22,Aggressive,0.061011909288846145
2013-04-23,Aggressive,0.07752793598201912
2013-04-24,Aggressive,0.07856428736872378
2013-04-25,Aggressive,0.09625775909697021
2013-04-26,Aggressive,0.05041342118880876
2013-04-29,Aggressive,0.03850313890914103
2013-04-30,Aggressive,0.04796334983499695
2013-05-01,Aggressive,0.031533061437284404
2013-05-02,Aggressive,0.05046186219433135
2013-05-03,Aggressive,0.07532311735103936
2013-05-06,Aggressive,0.06622438712532319
2013-05-07,Aggressive,0.06494747333662643
2013-05-08,Aggressive,0.06428582717463516
2013-05-09,Aggressive,0.05789818544379566
2013-05-10,Aggressive,0.06609929466822506
2013-05-13,Aggressive,0.06540179103226618
2013-05-14,Aggressive,0.07915372803108833
2013-05-15,Aggressive,0.08430065566826284
2013-05-16,Aggressive,0.07404856499759371
2013-05-17,Aggressive,0.09039785370368136
2013-05-20,Aggressive,0.08229845495439414
2013-05-21,Aggressive,0.08302557038294944
2013-05-22,Aggressive,0.06152890319414217
2013-05-23,Aggressive,0.057330160575916445
2013-05-24,Aggressive,0.05464534865835735
2013-05-28,Aggressive,0.07165341543483894
2013-05-29,Aggressive,0.06402358342482795
2013-05-30,Aggressive,0.07331574778586836
2013-05-31,Aggressive,0.07507962752200159
2013-06-03,Aggressive,0.07594853788090794
2013-06-04,Aggressive,0.07973108562839815
2013-06-05,Aggressive,0.07767450786359809
2013-06-06,Aggressive,0.07826633716446141
2013-06-07,Aggressive,0.10650182504040195
2013-06-10,Aggressive,0.11573432632099423
2013-06-11,Aggressive,0.09266532526469806
2013-06-12,Aggressive,0.08130808469723583
2013-06-13,Aggressive,0.09689774459352263
2013-06-14,Aggressive,0.0885755058680251
2013-06-17,Aggressive,0.10371958732018083
2013-06-18,Aggressive,0.11298392352264175
2013-06-19,Aggressive,0.12355162606422443
2013-06-20,Aggressive,0.10274530680997174
2013-06-21,Aggressive,0.10187965393135623
2013-06-24,Aggressive,0.0838209934563805
2013-06-25,Aggressive,0.09440052419219613
2013-06-26,Aggressive,0.11993855499910544
2013-06-27,Aggressive,0.12431364900973185
2013-06-28,Aggressive,0.12095008105445748
2013-07-01,Aggressive,0.137545023271487
2013-07-02,Aggressive,0.13793380755571794
2013-07-03,Aggressive,0.1432505547049734
2013-07-05,Aggressive,0.15359810664984064
2013-07-08,Aggressive,0.16173052452072234
2013-07-09,Aggressive,0.16945409821562984
2013-07-10,Aggressive,0.17205297564633448
2013-07-11,Aggressive,0.196528774583429
2013-07-12,Aggressive,0.21304936367589522
2013-07-15,Aggressive,0.2126180403020066
2013-07-16,Aggressive,0.20653670402408997
2013-07-17,Aggressive,0.21593124652412277
2013-07-18,Aggressive,0.2096929551077007
2013-07-19,Aggressive,0.21060127552549668
2013-07-22,Aggressive,0.20822947187894236
2013-07-23,Aggressive,0.20185182751329855
2013-07-24,Aggressive,0.193874540750951
2013-07-25,Aggressive,0.2038599565095227
2013-07-26,Aggressive,0.22128695143808574
2013-07-29,Aggressive,0.2030781596500013
2013-07-30,Aggressive,0.19722787444872525
2013-07-31,Aggressive,0.19318940564005516
2013-08-01,Aggressive,0.20830919263882053
2013-08-02,Aggressive,0.20431659971851013
2013-08-05,Aggressive,0.1980437198952152
2013-08-06,Aggressive,0.19503231165462598
2013-08-07,Aggressive,0.1831517255789259
2013-08-08,Aggressive,0.18328146930504352
2013-08-09,Aggressive,0.18357264676958374
2013-08-12,Aggressive,0.18132533132501805
2013-08-13,Aggressive,0.1765772817178517
2013-08-14,Aggressive,0.16594444729149016
2013-08-15,Aggressive,0.145226089893848
2013-08-16,Aggressive,0.13826078696250077
2013-08-19,Aggressive,0.13699823107289366
2013-08-20,Aggressive,0.14192551093674521
2013-08-21,Aggressive,0.1360010716249913
2013-08-22,Aggressive,0.15363828605666408
2013-08-23,Aggressive,0.15537112126651542
2013-08-26,Aggressive,0.14907340046927908
2013-08-27,Aggressive,0.12990314773649203
2013-08-28,Aggressive,0.13172312743229675
2013-08-29,Aggressive,0.14223390432446226
2013-08-30,Aggressive,0.1327757590171743
2013-09-03,Aggressive,0.15317023966043908
2013-09-04,Aggressive,0.17444093107329817
2013-09-05,Aggressive,0.17413564653772529
2013-09-06,Aggressive,0.1787892968955287
2013-09-09,Aggressive,0.1919553367915603
2013-09-10,Aggressive,0.2008598793252614
2013-09-11,Aggressive,0.20173780958793652
2013-09-12,Aggressive,0.1958666629770851
2013-09-13,Aggressive,0.1961795104723456
2013-09-16,Aggressive,0.19918627737421613
2013-09-17,Aggressive,0.21955507334002067
2013-09-18,Aggressive,0.2762567383887551
2013-09-19,Aggressive,0.2712248017099148
2013-09-20,Aggressive,0.2825940020276765
2013-09-23,Aggressive,0.2679315162411664
2013-09-24,Aggressive,0.272520141469873
2013-09-25,Aggressive,0.2722631575870482
2013-09-26,Aggressive,0.2878628996044259
2013-09-27,Aggressive,0.2817224474193363
2013-09-30,Aggressive,0.27186975420857484
2013-10-01,Aggressive,0.2956681415359801
2013-10-02,Aggressive,0.287284374942153
2013-10-03,Aggressive,0.2660652183538401
2013-10-04,Aggressive,0.28365281233667994
2013-10-07,Aggressive,0.2559719002041234
2013-10-08,Aggressive,0.22866302266775507
2013-10-09,Aggressive,0.21493423493584451
2013-10-10,Aggressive,0.24948625964674687
2013-10-11,Aggressive,0.27045950995569634
2013-10-14,Aggressive,0.27498696811688217
2013-10-15,Aggressive,0.2579264885440442
2013-10-16,Aggressive,0.2695557787050855
2013-10-17,Aggressive,0.2733190783435171
2013-10-18,Aggressive,0.32121396510732914
2013-10-21,Aggressive,0.3181412899492304
2013-10-22,Aggressive,0.3341331367929461
2013-10-23,Aggressive,0.32616687373906905
2013-10-24,Aggressive,0.34846696069373073
2013-10-25,Aggressive,0.4205634985415938
2013-10-28,Aggressive,0.4084958414653439
2013-10-29,Aggressive,0.42666425865179325
2013-10-30,Aggressive,0.41645062895329277
2013-10-31,Aggressive,0.424997825262617
2013-11-01,Aggressive,0.419466764027451
2013-11-04,Aggressive,0.4253477620296471
2013-11-05,Aggressive,0.4213380588807252
2013-11-06,Aggressive,0.41543073834099764
2013-11-07,Aggressive,0.3702558142418795
2013-11-08,Aggressive,0.4019652711732187
2013-11-11,Aggressive,0.4218310809598316
2013-11-12,Aggressive,0.4108732262998145
2013-11-13,Aggressive,0.438197865729711
2013-11-14,Aggressive,0.4630536201950184
2013-11-15,Aggressive,0.4696325503622798
2013-11-18,Aggressive,0.4585843395878775
2013-11-19,Aggressive,0.4473382984556229
2013-11-20,Aggressive,0.4390601587970582
2013-11-21,Aggressive,0.4565976942836327
2013-11-22,Aggressive,0.46888281488185113
2013-11-25,Aggressive,0.4805554070553928
2013-11-26,Aggressive,0.490952688661191
2013-11-27,Aggressive,0.504814731473646
2013-11-29,Aggressive,0.5187828527547418
2013-12-02,Aggressive,0.515563944218697
2013-12-03,Aggressive,0.4930951683890481
2013-12-04,Aggressive,0.4924441134278017
2013-12-05,Aggressive,0.4815017398891237
2013-12-06,Aggressive,0.49443506240903745
2013-12-09,Aggressive,0.48790690874104303
2013-12-10,Aggressive,0.49234176638864513
2013-12-11,Aggressive,0.4726661975524824
2013-12-12,Aggressive,0.4651678001400281
2013-12-13,Aggressive,0.5346642921086742
2013-12-16,Aggressive,0.526585205337784
2013-12-17,Aggressive,0.5175939520099861
2013-12-18,Aggressive,0.5479824154056383
2013-12-19,Aggressive,0.5380131313698093
2013-12-20,Aggressive,0.5652445511422626
2013-12-23,Aggressive,0.5684263724635299
2013-12-24,Aggressive,0.5610050213869995
2013-12-26,Aggressive,0.5746692711237451
2013-12-27,Aggressive,0.5584235630106507
2013-12-30,Aggressive,0.547087913894029
2013-12-31,Aggressive,0.562847606403222
2014-01-02,Aggressive,0.556082419511756
2014-01-03,Aggressive,0.552457726651292
2014-01-06,Aggressive,0.5378490907111748
2014-01-07,Aggressive,0.5573447483943959
2014-01-08,Aggressive,0.5658580740907757
2014-01-09,Aggressive,0.5667828360526463
2014-01-10,Aggressive,0.5628347642674505
2014-01-13,Aggressive,0.5383595117078408
2014-01-14,Aggressive,0.5680153716429874
2014-01-15,Aggressive,0.5760746648938284
2014-01-16,Aggressive,0.5750781284259017
2014-01-17,Aggressive,0.5819138499124932
2014-01-21,Aggressive,0.5957612807403028
2014-01-22,Aggressive,0.60077488342935
2014-01-23,Aggressive,0.5793920387796145
2014-01-24,Aggressive,0.53127435951523
2014-01-27,Aggressive,0.5227053864672013
2014-01-28,Aggressive,0.5475253626904546
2014-01-29,Aggressive,0.5112394793451425
2014-01-30,Aggressive,0.5586640283788078
2014-01-31,Aggressive,0.45622544533638765
2014-02-03,Aggressive,0.41550188971700663
2014-02-04,Aggressive,0.43184000412699297
2014-02-05,Aggressive,0.43774877255153877
2014-02-06,Aggressive,0.46131953035218753
2014-02-07,Aggressive,0.49360556555705903
2014-02-10,Aggressive,0.500326114719982
2014-02-11,Aggressive,0.507196320365142
2014-02-12,Aggressive,0.48394908491307165
2014-02-13,Aggressive,0.5192675615758522
2014-02-14,Aggressive,0.530083199186091
2014-02-18,Aggressive,0.5237727226491247
2014-02-19,Aggressive,0.500857074449822
2014-02-20,Aggressive,0.5117211436803173
2014-02-21,Aggressive,0.5008708741920118
2014-02-24,Aggressive,0.5188014541688564
2014-02-25,Aggressive,0.5266850036258868
2014-02-26,Aggressive,0.5287425728447008
2014-02-27,Aggressive,0.5473351937562585
2014-02-28,Aggressive,0.5431779063144697
2014-03-03,Aggressive,0.5309677520682559
2014-03-04,Aggressive,0.5488027062115111
2014-03-05,Aggressive,0.5703918486513968
2014-03-06,Aggressive,0.5701062506125287
2014-03-07,Aggressive,0.5664958224762975
2014-03-10,Aggressive,0.5573280762276545
2014-03-11,Aggressive,0.5475031494985021
2014-03-12,Aggressive,0.5550364538518548
2014-03-13,Aggressive,0.5468921734579215
2014-03-14,Aggressive,0.5544995725839716
2014-03-17,Aggressive,0.5677531064996437
2014-03-18,Aggressive,0.5779026547738149
2014-03-19,Aggressive,0.55569522827783
2014-03-20,Aggressive,0.5536578702254054
2014-03-21,Aggressive,0.5218577444962196
2014-03-24,Aggressive,0.48709784577419724
2014-03-25,Aggressive,0.4990493961385256
2014-03-26,Aggressive,0.4564527635878226
2014-03-27,Aggressive,0.448730222308511
2014-03-28,Aggressive,0.45220318517704583
2014-03-31,Aggressive,0.4548656254936292
2014-04-01,Aggressive,0.47568579015690826
2014-04-02,Aggressive,0.469887982103113
2014-04-03,Aggressive,0.42709005377160536
2014-04-04,Aggressive,0.390834742634963
2014-04-07,Aggressive,0.36962915598145196
2014-04-08,Aggressive,0.4015880063698942
2014-04-09,Aggressive,0.42841436905428965
2014-04-10,Aggressive,0.37381760233047756
2014-04-11,Aggressive,0.3514292849336971
2014-04-14,Aggressive,0.36967926391787054
2014-04-15,Aggressive,0.37640327835226484
2014-04-16,Aggressive,0.40419268538509123
2014-04-17,Aggressive,0.4165354820201965
2014-04-21,Aggressive,0.43339245131385695
2014-04-22,Aggressive,0.43055908841916746
2014-04-23,Aggressive,0.42106873295154146
2014-04-24,Aggressive,0.44365143777672844
2014-04-25,Aggressive,0.3476346917511619
2014-04-28,Aggressive,0.31872328471002875
2014-04-29,Aggressive,0.3334354433585496
2014-04-30,Aggressive,0.34933665717213125
2014-05-01,Aggressive,0.36499113789703985
2014-05-02,Aggressive,0.3592748116080302
2014-05-05,Aggressive,0.3655084688989527
2014-05-06,Aggressive,0.31742127959389954
2014-05-07,Aggressive,0.2990604888294319
2014-05-08,Aggressive,0.29127091564554264
2014-05-09,Aggressive,0.30560089927258893
2014-05-12,Aggressive,0.3424759077932462
2014-05-13,Aggressive,0.34862385261184414
2014-05-14,Aggressive,0.33071773582860864
2014-05-15,Aggressive,0.3179061855129637
2014-05-16,Aggressive,0.334472187174214
2014-05-19,Aggressive,0.3365253231198668
2014-05-20,Aggressive,0.3429958803560953
2014-05-21,Aggressive,0.3596208920431385
2014-05-22,Aggressive,0.365080898649909
2014-05-23,Aggressive,0.3928491362525979
2014-05-27,Aggressive,0.39765185170505646
2014-05-28,Aggressive,0.3931752111744373
2014-05-29,Aggressive,0.4076866587628116
2014-05-30,Aggressive,0.39811446075042634
2014-06-02,Aggressive,0.3898202885236477
2014-06-03,Aggressive,0.38158626968293174
2014-06-04,Aggressive,0.3805872609540577
2014-06-05,Aggressive,0.4349799025214567
2014-06-06,Aggressive,0.4624437899770677
2014-06-09,Aggressive,0.4567367935377482
2014-06-10,Aggressive,0.4689323143060664
2014-06-11,Aggressive,0.47668114620797475
2014-06-12,Aggressive,0.4445651942033684
2014-06-13,Aggressive,0.4474553647828263
2014-06-16,Aggressive,0.45690631589119324
2014-06-17,Aggressive,0.451094827073395
2014-06-18,Aggressive,0.5131369361805844
2014-06-19,Aggressive,0.4932480315559391
2014-06-20,Aggressive,0.4828112439367085
2014-06-23,Aggressive,0.4915000339838995
2014-06-24,Aggressive,0.478175363956441
2014-06-25,Aggressive,0.48509975509906633
2014-06-26,Aggressive,0.48429048880275705
2014-06-27,Aggressive,0.4761419960538993
2014-06-30,Aggressive,0.4777888480158732
2014-07-01,Aggressive,0.5032004160256598
2014-07-02,Aggressive,0.502144142820868
2014-07-03,Aggressive,0.520754887309073
2014-07-07,Aggressive,0.504991110212252
2014-07-08,Aggressive,0.46657196567458037
2014-07-09,Aggressive,0.485668224495996
2014-07-10,Aggressive,0.48121451884483735
2014-07-11,Aggressive,0.5342393033824615
2014-07-14,Aggressive,0.5635463800923197
2014-07-15,Aggressive,0.5566586419586566
2014-07-16,Aggressive,0.5591976245258692
2014-07-17,Aggressive,0.5417025843574017
2014-07-18,Aggressive,0.5676537386970664
2014-07-21,Aggressive,0.5669462847080682
2014-07-22,Aggressive,0.5734111259761767
2014-07-23,Aggressive,0.5617092340807885
2014-07-24,Aggressive,0.5657601930365987
2014-07-25,Aggressive,0.4756444673743334
2014-07-28,Aggressive,0.46653418965442617
2014-07-29,Aggressive,0.4617848986904336
2014-07-30,Aggressive,0.4658508048908523
2014-07-31,Aggressive,0.421020127832038
2014-08-01,Aggressive,0.40321290358558515
2014-08-04,Aggressive,0.4190427964215371
2014-08-05,Aggressive,0.4183451987671254
2014-08-06,Aggressive,0.41436453212916535
2014-08-07,Aggressive,0.4068589781802361
2014-08-08,Aggressive,0.4255351423831111
2014-08-11,Aggressive,0.43370531560601466
2014-08-12,Aggressive,0.4346640635332122
2014-08-13,Aggressive,0.4613302851164167
2014-08-14,Aggressive,0.48340142589689283
2014-08-15,Aggressive,0.4836062590713166
2014-08-18,Aggressive,0.4948295509541458
2014-08-19,Aggressive,0.503919749912537
2014-08-20,Aggressive,0.5003945796808027
2014-08-21,Aggressive,0.49808891143363554
2014-08-22,Aggressive,0.49674874653011947
2014-08-25,Aggressive,0.5025063427253107
2014-08-26,Aggressive,0.5211333416204993
2014-08-27,Aggressive,0.5243298385626176
2014-08-28,Aggressive,0.5137669091598485
2014-08-29,Aggressive,0.514629186318045
2014-09-02,Aggressive,0.5232532151210199
2014-09-03,Aggressive,0.5173504888578127
2014-09-04,Aggressive,0.5350259159139705
2014-09-05,Aggressive,0.540019593784484
2014-09-08,Aggressive,0.5350713902563142
2014-09-09,Aggressive,0.49589920075132765
2014-09-10,Aggressive,0.49944652657064426
2014-09-11,Aggressive,0.4973321512368847
2014-09-12,Aggressive,0.48850956172780013
2014-09-15,Aggressive,0.4639016475810023
2014-09-16,Aggressive,0.4782563905042929
2014-09-17,Aggressive,0.44516232045678494
2014-09-18,Aggressive,0.4529139278528944
2014-09-19,Aggressive,0.4631924937965741
2014-09-22,Aggressive,0.44687491418792447
2014-09-23,Aggressive,0.4475912584587347
2014-09-24,Aggressive,0.46944676471375746
2014-09-25,Aggressive,0.4423819447418249
2014-09-26,Aggressive,0.45182946825029346
2014-09-29,Aggressive,0.45437462159468844
2014-09-30,Aggressive,0.45438091808767234
2014-10-01,Aggressive,0.4271127638829879
2014-10-02,Aggressive,0.4257162248289661
2014-10-03,Aggressive,0.44863307575560807
2014-10-06,Aggressive,0.4420086804150323
2014-10-07,Aggressive,0.41340173002675273
2014-10-08,Aggressive,0.44428175828131944
2014-10-09,Aggressive,0.40659296880275897
2014-10-10,Aggressive,0.37820939498694206
2014-10-13,Aggressive,0.3528702809473203
2014-10-14,Aggressive,0.3536728040302657
2014-10-15,Aggressive,0.35527726768044876
2014-10-16,Aggressive,0.3522311533906388
2014-10-17,Aggressive,0.3690431421075464
2014-10-20,Aggressive,0.37794576451009254
2014-10-21,Aggressive,0.41681935059659314
2014-10-22,Aggressive,0.39522973048426935
2014-10-23,Aggressive,0.40261824429077997
2014-10-24,Aggressive,0.34274388732482164
2014-10-27,Aggressive,0.35064357981586847
2014-10-28,Aggressive,0.37622351717224345
2014-10-29,Aggressive,0.3687978301766124
2014-10-30,Aggressive,0.38714978602703387
2014-10-31,Aggressive,0.4157933656575066
2014-11-03,Aggressive,0.4162267064522074
2014-11-04,Aggressive,0.4160042166486764
2014-11-05,Aggressive,0.3993083709863088
2014-11-06,Aggressive,0.4047376788261816
2014-11-07,Aggressive,0.41021506408717245
2014-11-10,Aggressive,0.4253631997647733
2014-11-11,Aggressive,0.444775099830089
2014-11-12,Aggressive,0.44202687279444475
2014-11-13,Aggressive,0.46016036562515317
2014-11-14,Aggressive,0.48878392860735254
2014-11-17,Aggressive,0.4657738881981994
2014-11-18,Aggressive,0.47897198938935404
2014-11-19,Aggressive,0.4841126573024004
2014-11-20,Aggressive,0.49209942343612423
2014-11-21,Aggressive,0.5048324590324487
2014-11-24,Aggressive,0.5139178891246601
2014-11-25,Aggressive,0.5180044298993631
2014-11-26,Aggressive,0.5209548488907514
2014-11-28,Aggressive,0.5387503579069859
2014-12-01,Aggressive,0.5039383726218585
2014-12-02,Aggressive,0.502764789854083
2014-12-03,Aggressive,0.4743137230010497
2014-12-04,Aggressive,0.47382244280141617
2014-12-05,Aggressive,0.45892619085952413
2014-12-08,Aggressive,0.4384881190954695
2014-12-09,Aggressive,0.4505939230148617
2014-12-10,Aggressive,0.416140744754701
2014-12-11,Aggressive,0.4181854111164869
2014-12-12,Aggressive,0.4576681690468485
2014-12-15,Aggressive,0.43673817462892495
2014-12-16,Aggressive,0.4044013566024156
2014-12-17,Aggressive,0.4265220235785323
2014-12-18,Aggressive,0.4296776840406473
2014-12-19,Aggressive,0.43350523533823315
2014-12-22,Aggressive,0.45423733545425726
2014-12-23,Aggressive,0.4546026162634502
2014-12-24,Aggressive,0.4491919645108724
2014-12-26,Aggressive,0.46591767214121016
2014-12-29,Aggressive,0.47117291646272785
2014-12-30,Aggressive,0.459097142709997
2014-12-31,Aggressive,0.454852498173532
2015-01-02,Aggressive,0.4474681762323256
2015-01-05,Aggressive,0.42698051311417573
2015-01-06,Aggressive,0.3970828661330752
2015-01-07,Aggressive,0.4114100314849676
2015-01-08,Aggressive,0.4310964026258586
2015-01-09,Aggressive,0.41411938997320363
2015-01-12,Aggressive,0.3935530234631306
2015-01-13,Aggressive,0.39962713664086347
2015-01-14,Aggressive,0.3908894109432641
2015-01-15,Aggressive,0.37526927713248415
2015-01-16,Aggressive,0.3957243411617757
2015-01-20,Aggressive,0.3909845316406413
2015-01-21,Aggressive,0.41418100665601654
2015-01-22,Aggressive,0.46599059280107946
2015-01-23,Aggressive,0.474496839504875
2015-01-26,Aggressive,0.4577929080803236
2015-01-27,Aggressive,0.4398149807892038
2015-01-28,Aggressive,0.4310031380541022
2015-01-29,Aggressive,0.46932487956959945
2015-01-30,Aggressive,0.5736347957547066
2015-02-02,Aggressive,0.6073365208071659
2015-02-03,Aggressive,0.6121110074835088
2015-02-04,Aggressive,0.6177468339936654
2015-02-05,Aggressive,0.6486655216481054
2015-02-06,Aggressive,0.644884102422755
2015-02-09,Aggressive,0.633418446338734
2015-02-10,Aggressive,0.6433072205875503
2015-02-11,Aggressive,0.650531196769532
2015-02-12,Aggressive,0.667698357768646
2015-02-13,Aggressive,0.6955003847534553
2015-02-17,Aggressive,0.6837780642990172
2015-02-18,Aggressive,0.6840207460756744
2015-02-19,Aggressive,0.701295993755658
2015-02-20,Aggressive,0.7238938482995869
2015-02-23,Aggressive,0.7079754169440093
2015-02-24,Aggressive,0.7005443999915724
2015-02-25,Aggressive,0.7196589060073171
2015-02-26,Aggressive,0.7233840047750411
2015-02-27,Aggressive,0.7114604576541703
2015-03-02,Aggressive,0.7337350723215883
2015-03-03,Aggressive,0.7270495842869413
2015-03-04,Aggressive,0.7110759157209083
2015-03-05,Aggressive,0.7316526497130471
2015-03-06,Aggressive,0.7024743429888844
2015-03-09,Aggressive,0.7028912915898686
2015-03-10,Aggressive,0.6630848675696006
2015-03-11,Aggressive,0.6537107269793734
2015-03-12,Aggressive,0.6851530689578993
2015-03-13,Aggressive,0.6767240816398947
2015-03-16,Aggressive,0.6911449566947803
2015-03-17,Aggressive,0.6977263739998618
2015-03-18,Aggressive,0.6878899762708715
2015-03-19,Aggressive,0.6831921653525554
2015-03-20,Aggressive,0.6988785762394343
2015-03-23,Aggressive,0.6810812152277763
2015-03-24,Aggressive,0.6707292412899664
2015-03-25,Aggressive,0.6422470498791397
2015-03-26,Aggressive,0.6317400181249768
2015-03-27,Aggressive,0.6431883293349887
2015-03-30,Aggressive,0.6595045258097139
2015-03-31,Aggressive,0.6530976052383823
2015-04-01,Aggressive,0.6552888374060413
2015-04-02,Aggressive,0.6655470207339718
2015-04-06,Aggressive,0.6836202692003239
2015-04-07,Aggressive,0.6739677800800405
2015-04-08,Aggressive,0.6910411327775066
2015-04-09,Aggressive,0.7037173298160138
2015-04-10,Aggressive,0.7038609715646618
2015-04-13,Aggressive,0.6982259355275062
2015-04-14,Aggressive,0.7047540485273445
2015-04-15,Aggressive,0.7003130542943372
2015-04-16,Aggressive,0.6999917769669488
2015-04-17,Aggressive,0.6559034220054007
2015-04-20,Aggressive,0.7003525162425175
2015-04-21,Aggressive,0.7105647656559415
2015-04-22,Aggressive,0.7116046803809122
2015-04-23,Aggressive,0.7184014778460299
2015-04-24,Aggressive,0.8577094262132845
2015-04-27,Aggressive,0.8413034970897098
2015-04-28,Aggressive,0.8142618198814633
2015-04-29,Aggressive,0.8178849879271992
2015-04-30,Aggressive,0.791502418449237
2015-05-01,Aggressive,0.7985601258872728
2015-05-04,Aggressive,0.7937364336868671
2015-05-05,Aggressive,0.781298704463854
2015-05-06,Aggressive,0.7699995088905869
2015-05-07,Aggressive,0.7915069832449557
2015-05-08,Aggressive,0.8251096705635776
2015-05-11,Aggressive,0.8273061615513271
2015-05-12,Aggressive,0.8206204167500852
2015-05-13,Aggressive,0.814692753281905
2015-05-14,Aggressive,0.848944564866595
2015-05-15,Aggressive,0.828244035019507
2015-05-18,Aggressive,0.8299220096546256
2015-05-19,Aggressive,0.8231043204793169
2015-05-20,Aggressive,0.8277123428817552
2015-05-21,Aggressive,0.8553822090526595
2015-05-22,Aggressive,0.8385886475470412
2015-05-26,Aggressive,0.8257873352748926
2015-05-27,Aggressive,0.8468614884191581
2015-05-28,Aggressive,0.8329519035625501
2015-05-29,Aggressive,0.830468645288148
2015-06-01,Aggressive,0.8414720334974815
2015-06-02,Aggressive,0.8436025799772147
2015-06-03,Aggressive,0.8604959150713887
2015-06-04,Aggressive,0.8325069426825917
2015-06-05,Aggressive,0.8233803907021588
2015-06-08,Aggressive,0.8093831046132329
2015-06-09,Aggressive,0.8116682280993814
2015-06-10,Aggressive,0.8392581942433317
2015-06-11,Aggressive,0.8469494809616587
2015-06-12,Aggressive,0.8408388466627383
2015-06-15,Aggressive,0.8174216364215243
2015-06-16,Aggressive,0.8343295713783605
2015-06-17,Aggressive,0.8215391313455005
2015-06-18,Aggressive,0.8637766670268334
2015-06-19,Aggressive,0.8549142180652631
2015-06-22,Aggressive,0.8788278214958805
2015-06-23,Aggressive,0.911156199218935
2015-06-24,Aggressive,0.8955387081801418
2015-06-25,Aggressive,0.897103939098232
2015-06-26,Aggressive,0.8831684888192377
2015-06-29,Aggressive,0.847205012962738
2015-06-30,Aggressive,0.8556920944169344
2015-07-01,Aggressive,0.8657834162767615
2015-07-02,Aggressive,0.864468014063523
2015-07-06,Aggressive,0.8588062701546202
2015-07-07,Aggressive,0.8642940564576065
2015-07-08,Aggressive,0.8409028584237994
2015-07-09,Aggressive,0.8572229627263677
2015-07-10,Aggressive,0.8826878549893624
2015-07-13,Aggressive,0.9214188218082424
2015-07-14,Aggressive,0.9506939620874499
2015-07-15,Aggressive,0.9408577797203805
2015-07-16,Aggressive,0.9807210146961174
2015-07-17,Aggressive,0.9935813261234068
2015-07-20,Aggressive,1.0055250535711853
2015-07-21,Aggressive,0.9959001727941652
2015-07-22,Aggressive,0.9946118843995788
2015-07-23,Aggressive,0.9790242765400237
2015-07-24,Aggressive,1.0916150441860903
2015-07-27,Aggressive,1.0832465731755145
2015-07-28,Aggressive,1.0777559891002086
2015-07-29,Aggressive,1.0847125754157654
2015-07-30,Aggressive,1.109904748708352
2015-07-31,Aggressive,1.11606467904693
2015-08-03,Aggressive,1.1078317861402502
2015-08-04,Aggressive,1.1061479637627616
2015-08-05,Aggressive,1.1309392188607386
2015-08-06,Aggressive,1.102026878350581
2015-08-07,Aggressive,1.088692834856666
2015-08-10,Aggressive,1.10418878635527
2015-08-11,Aggressive,1.112227617697421
2015-08-12,Aggressive,1.1058344830793825
2015-08-13,Aggressive,1.1217641957416813
2015-08-14,Aggressive,1.1415258797855117
2015-08-17,Aggressive,1.1546513108088097
2015-08-18,Aggressive,1.151768803047538
2015-08-19,Aggressive,1.136375123034668
2015-08-20,Aggressive,1.0658368398356841
2015-08-21,Aggressive,0.9776221576545803
2015-08-24,Aggressive,0.8613005382490835
2015-08-25,Aggressive,0.8685385126777452
2015-08-26,Aggressive,0.9764145873719592
2015-08-27,Aggressive,1.03348865283469
2015-08-28,Aggressive,1.0387451389422369
2015-08-31,Aggressive,1.0165038340562416
2015-09-01,Aggressive,0.9528629107595414
2015-09-02,Aggressive,0.999885434396939
2015-09-03,Aggressive,0.996360570081247
2015-09-04,Aggressive,0.9694668235659576
2015-09-08,Aggressive,1.0418862693290447
2015-09-09,Aggressive,1.028125083215246
2015-09-10,Aggressive,1.0430588737354918
2015-09-11,Aggressive,1.0651234895520458
2015-09-14,Aggressive,1.040279688763448
2015-09-15,Aggressive,1.054279635654448
2015-09-16,Aggressive,1.075482570289795
2015-09-17,Aggressive,1.1001167695489
2015-09-18,Aggressive,1.1095273677835227
2015-09-21,Aggressive,1.1456091647289033
2015-09-22,Aggressive,1.1315158122122337
2015-09-23,Aggressive,1.1298618932197249
2015-09-24,Aggressive,1.1086260490823654
2015-09-25,Aggressive,1.082233391235929
2015-09-28,Aggressive,1.0100335067673991
2015-09-29,Aggressive,0.9867471771804255
2015-09-30,Aggressive,1.0461840579562134
2015-10-01,Aggressive,1.0787580010660238
2015-10-02,Aggressive,1.1108487873808603
2015-10-05,Aggressive,1.1539034502717653
2015-10-06,Aggressive,1.1348229349930454
2015-10-07,Aggressive,1.111140806596365
2015-10-08,Aggressive,1.1080686892690585
2015-10-09,Aggressive,1.1374079267549346
2015-10-12,Aggressive,1.1634296564767634
2015-10-13,Aggressive,1.1576492620131242
2015-10-14,Aggressive,1.141287888373959
2015-10-15,Aggressive,1.2110378028514397
2015-10-16,Aggressive,1.2463136010079614
2015-10-19,Aggressive,1.2506993382043707
2015-10-20,Aggressive,1.2103111170979548
2015-10-21,Aggressive,1.1959616131856268
2015-10-22,Aggressive,1.241399774532915
2015-10-23,Aggressive,1.3177698683335262
2015-10-26,Aggressive,1.3478000016492215
2015-10-27,Aggressive,1.3487794865598315
2015-10-28,Aggressive,1.3654914232091961
2015-10-29,Aggressive,1.3821097179963782
2015-10-30,Aggressive,1.3868020126935443
2015-11-02,Aggressive,1.4038299526461588
2015-11-03,Aggressive,1.4006246501714035
2015-11-04,Aggressive,1.4412691922169198
2015-11-05,Aggressive,1.4692947318676257
2015-11-06,Aggressive,1.4786296137918526
2015-11-09,Aggressive,1.4591833891860264
2015-11-10,Aggressive,1.4713864419303375
2015-11-11,Aggressive,1.509019194965635
2015-11-12,Aggressive,1.4853317543683602
2015-11-13,Aggressive,1.4186362377817363
2015-11-16,Aggressive,1.4400300189341744
2015-11-17,Aggressive,1.4374286629799022
2015-11-18,Aggressive,1.4939037199587601
2015-11-19,Aggressive,1.4948413357773949
2015-11-20,Aggressive,1.5112237299598146
2015-11-23,Aggressive,1.533921837010542
2015-11-24,Aggressive,1.5178124463761633
2015-11-25,Aggressive,1.5229812467664714
2015-11-27,Aggressive,1.5213829131285745
2015-11-30,Aggressive,1.4942914427327172
2015-12-01,Aggressive,1.5386475845217862
2015-12-02,Aggressive,1.5260279196481892
2015-12-03,Aggressive,1.483570402980023
2015-12-04,Aggressive,1.526281125495057
2015-12-07,Aggressive,1.4931751695046684
2015-12-08,Aggressive,1.5236601197924613
2015-12-09,Aggressive,1.4757506756354295
2015-12-10,Aggressive,1.468272935151293
2015-12-11,Aggressive,1.4402960104085616
2015-12-14,Aggressive,1.493321224257918
2015-12-15,Aggressive,1.5071702628011319
2015-12-16,Aggressive,1.5609624573899503
2015-12-17,Aggressive,1.5337030415310289
2015-12-18,Aggressive,1.4843888995571874
2015-12-21,Aggressive,1.4900900171399134
2015-12-22,Aggressive,1.5092752617496314
2015-12-23,Aggressive,1.520927162989108
2015-12-24,Aggressive,1.5145684100118748
2015-12-28,Aggressive,1.54254786663601
2015-12-29,Aggressive,1.5980224736804756
2015-12-30,Aggressive,1.5854579896918177
2015-12-31,Aggressive,1.5418915422468875
2016-01-04,Aggressive,1.433048858332287
2016-01-05,Aggressive,1.4300935564598807
2016-01-06,Aggressive,1.412601872403541
2016-01-07,Aggressive,1.332183871958271
2016-01-08,Aggressive,1.314540903681375
2016-01-11,Aggressive,1.3518463352011398
2016-01-12,Aggressive,1.3587798377500415
2016-01-13,Aggressive,1.2596830008254365
2016-01-14,Aggressive,1.299274311013523
2016-01-15,Aggressive,1.2369789096656554
2016-01-19,Aggressive,1.2475216100812316
2016-01-20,Aggressive,1.2247666830453365
2016-01-21,Aggressive,1.234653512946137
2016-01-22,Aggressive,1.2984072037814771
2016-01-25,Aggressive,1.2734739240352795
2016-01-26,Aggressive,1.2915133617953742
2016-01-27,Aggressive,1.2158314842679925
2016-01-28,Aggressive,1.329840300055591
2016-01-29,Aggressive,1.2729471126083047
2016-02-01,Aggressive,1.2520819943940253
2016-02-02,Aggressive,1.1800148729963627
2016-02-03,Aggressive,1.1394768648113414
2016-02-04,Aggressive,1.1412105074281969
2016-02-05,Aggressive,1.0018733538359457
2016-02-08,Aggressive,0.9293023985217725
2016-02-09,Aggressive,0.9053519353344202
2016-02-10,Aggressive,0.9353319746697093
2016-02-11,Aggressive,0.9490045543384971
2016-02-12,Aggressive,0.9715092092291384
2016-02-16,Aggressive,1.0283596039376612
2016-02-17,Aggressive,1.0889957143545428
2016-02-18,Aggressive,1.0592069995531088
2016-02-19,Aggressive,1.080793101526007
2016-02-22,Aggressive,1.164797615756691
2016-02-23,Aggressive,1.1430414394931856
2016-02-24,Aggressive,1.146345696877074
2016-02-25,Aggressive,1.178649010598991
2016-02-26,Aggressive,1.1804069732898022
2016-02-29,Aggressive,1.1621908781222063
2016-03-01,Aggressive,1.2522967327772854
2016-03-02,Aggressive,1.2545797404441377
2016-03-03,Aggressive,1.2384266977462164
2016-03-04,Aggressive,1.2268501000671836
2016-03-07,Aggressive,1.1930396696973333
2016-03-08,Aggressive,1.1799437244108408
2016-03-09,Aggressive,1.1868481529518808
2016-03-10,Aggressive,1.182187798888679
2016-03-11,Aggressive,1.218823340143087
2016-03-14,Aggressive,1.2386641213176315
2016-03-15,Aggressive,1.245418619867682
2016-03-16,Aggressive,1.252617941201279
2016-03-17,Aggressive,1.2390139375681768
2016-03-18,Aggressive,1.2554636226192053
2016-03-21,Aggressive,1.2554776887407306
2016-03-22,Aggressive,1.270190649589606
2016-03-23,Aggressive,1.2850070662605386
2016-03-24,Aggressive,1.3177728783594231
2016-03-28,Aggressive,1.3083776971026886
2016-03-29,Aggressive,1.346774267580436
2016-03-30,Aggressive,1.358798353254794
2016-03-31,Aggressive,1.3447400328880943
2016-04-01,Aggressive,1.3671460904608872
2016-04-04,Aggressive,1.348508578529199
2016-04-05,Aggressive,1.3307752262998815
2016-04-06,Aggressive,1.3790522417916433
2016-04-07,Aggressive,1.339750560990045
2016-04-08,Aggressive,1.3508645952218243
2016-04-11,Aggressive,1.3446957503978232
2016-04-12,Aggressive,1.367687002987923
2016-04-13,Aggressive,1.4062302501632584
2016-04-14,Aggressive,1.418439239847237
2016-04-15,Aggressive,1.436607119582384
2016-04-18,Aggressive,1.4711224671583385
2016-04-19,Aggressive,1.4552750869177773
2016-04-20,Aggressive,1.461702905039874
2016-04-21,Aggressive,1.4578454738621702
2016-04-22,Aggressive,1.4213371234684886
2016-04-25,Aggressive,1.442264833143898
2016-04-26,Aggressive,1.42833309827373
2016-04-27,Aggressive,1.4068364132794682
2016-04-28,Aggressive,1.3760811846243728
2016-04-29,Aggressive,1.5126312655775225
2016-05-02,Aggressive,1.5708491504137552
2016-05-03,Aggressive,1.5298267566286898
2016-05-04,Aggressive,1.5197322329187846
2016-05-05,Aggressive,1.50111740049107
2016-05-06,Aggressive,1.5428723028942755
2016-05-09,Aggressive,1.5563310841343934
2016-05-10,Aggressive,1.628782658470569
2016-05-11,Aggressive,1.6439751699282916
2016-05-12,Aggressive,1.6553255686242583
2016-05-13,Aggressive,1.634179572306902
2016-05-16,Aggressive,1.650830257219706
2016-05-17,Aggressive,1.603042628694233
2016-05-18,Aggressive,1.611921172538059
2016-05-19,Aggressive,1.6017064427715204
2016-05-20,Aggressive,1.6186656800355186
2016-05-23,Aggressive,1.6036309013536316
2016-05-24,Aggressive,1.6464594630230849
2016-05-25,Aggressive,1.6578505971913797
2016-05-26,Aggressive,1.670822529239386
2016-05-27,Aggressive,1.6717276570265058
2016-05-31,Aggressive,1.6830428255781715
2016-06-01,Aggressive,1.6814240866883092
2016-06-02,Aggressive,1.7024147963215337
2016-06-03,Aggressive,1.6844965544791002
2016-06-06,Aggressive,1.69937296766541
2016-06-07,Aggressive,1.6875857347747942
2016-06-08,Aggressive,1.6972241950140057
2016-06-09,Aggressive,1.694059105932567
2016-06-10,Aggressive,1.6606991331666476
2016-06-13,Aggressive,1.651567159356771
2016-06-14,Aggressive,1.6615292827132335
2016-06-15,Aggressive,1.6504673696340233
2016-06-16,Aggressive,1.6575479963875654
2016-06-17,Aggressive,1.6199458691409818
2016-06-20,Aggressive,1.6634881785523463
2016-06-21,Aggressive,1.680750655532877
2016-06-22,Aggressive,1.619074322901414
2016-06-23,Aggressive,1.6670465654995916
2016-06-24,Aggressive,1.5681895261373788
2016-06-27,Aggressive,1.5326105229012894
2016-06-28,Aggressive,1.5848754029767127
2016-06-29,Aggressive,1.6247175785442094
2016-06-30,Aggressive,1.642985379011232
2016-07-01,Aggressive,1.6598879340195847
2016-07-05,Aggressive,1.6545728989079374
2016-07-06,Aggressive,1.6788138312654706
2016-07-07,Aggressive,1.6766506230667098
2016-07-08,Aggressive,1.716980333760973
2016-07-11,Aggressive,1.7407052864404147
2016-07-12,Aggressive,1.7304185979951496
2016-07-13,Aggressive,1.7154586120617363
2016-07-14,Aggressive,1.7184494972438742
2016-07-15,Aggressive,1.70896579210982
2016-07-18,Aggressive,1.7118523423720693
2016-07-19,Aggressive,1.7223757153837926
2016-07-20,Aggressive,1.7404032258891373
2016-07-21,Aggressive,1.7164961714232336
2016-07-22,Aggressive,1.7333487670383363
2016-07-25,Aggressive,1.714387161510412
2016-07-26,Aggressive,1.7147855406631423
2016-07-27,Aggressive,1.7192825840670225
2016-07-28,Aggressive,1.7527633518428223
2016-07-29,Aggressive,1.7617384601133885
2016-08-01,Aggressive,1.77842465871282
2016-08-02,Aggressive,1.744685144843618
2016-08-03,Aggressive,1.7386369466141733
2016-08-04,Aggressive,1.754233061201874
2016-08-05,Aggressive,1.7844488741079148
2016-08-08,Aggressive,1.7814242145166195
2016-08-09,Aggressive,1.7894852086303108
2016-08-10,Aggressive,1.8056934854573083
2016-08-11,Aggressive,1.8224220524827484
2016-08-12,Aggressive,1.8196218856036315
2016-08-15,Aggressive,1.8129650675748712
2016-08-16,Aggressive,1.8011218248070722
2016-08-17,Aggressive,1.7935589771501914
2016-08-18,Aggressive,1.802716253903753
2016-08-19,Aggressive,1.783262388061103
2016-08-22,Aggressive,1.7881691142053802
2016-08-23,Aggressive,1.801196670806196
2016-08-24,Aggressive,1.7885372399791182
2016-08-25,Aggressive,1.7971772986405634
2016-08-26,Aggressive,1.820004442798997
2016-08-29,Aggressive,1.8283459110703104
2016-08-30,Aggressive,1.8137295540480105
2016-08-31,Aggressive,1.8172912638554073
2016-09-01,Aggressive,1.826645342403082
2016-09-02,Aggressive,1.8390639866040495
2016-09-06,Aggressive,1.8769645849964958
2016-09-07,Aggressive,1.8624104138697262
2016-09-08,Aggressive,1.8517234803985039
2016-09-09,Aggressive,1.7697506524096438
2016-09-12,Aggressive,1.8054534400524918
2016-09-13,Aggressive,1.7663988896300555
2016-09-14,Aggressive,1.7646521285315413
2016-09-15,Aggressive,1.7906317234622326
2016-09-16,Aggressive,1.8006836333404812
2016-09-19,Aggressive,1.8021308348702387
2016-09-20,Aggressive,1.8222112979595133
2016-09-21,Aggressive,1.9141204442766688
2016-09-22,Aggressive,1.949974674562815
2016-09-23,Aggressive,1.947952413771643
2016-09-26,Aggressive,1.9296505295665893
2016-09-27,Aggressive,1.989215602875198
2016-09-28,Aggressive,2.0159359544271385
2016-09-29,Aggressive,1.99876801840163
2016-09-30,Aggressive,2.0243472329909857
2016-10-03,Aggressive,2.0236424000225663
2016-10-04,Aggressive,2.0171493492160875
2016-10-05,Aggressive,2.047506898132273
2016-10-06,Aggressive,2.039149302067984
2016-10-07,Aggressive,2.034069918753488
2016-10-10,Aggressive,2.048436586191069
2016-10-11,Aggressive,2.0044661731669766
2016-10-12,Aggressive,2.01606752809402
2016-10-13,Aggressive,2.006069190456476
2016-10-14,Aggressive,1.991474262420514
2016-10-17,Aggressive,1.968186876336718
2016-10-18,Aggressive,1.9888137488448443
2016-10-19,Aggressive,1.9907678960191597
2016-10-20,Aggressive,1.9803275020539797
2016-10-21,Aggressive,1.9983869049964595
2016-10-24,Aggressive,2.0587072451795083
2016-10-25,Aggressive,2.039425521760192
2016-10-26,Aggressive,2.015888755737236
2016-10-27,Aggressive,1.9944384381923617
2016-10-28,Aggressive,1.909670214868886
2016-10-31,Aggressive,1.9371177819828183
2016-11-01,Aggressive,1.9217931704442153
2016-11-02,Aggressive,1.8670920664966104
2016-11-03,Aggressive,1.8804190402632153
2016-11-04,Aggressive,1.8448421276103204
2016-11-07,Aggressive,1.9382543581848233
2016-11-08,Aggressive,1.9404234859261806
2016-11-09,Aggressive,1.906708414670351
2016-11-10,Aggressive,1.8133085304814953
2016-11-11,Aggressive,1.803749749252269
2016-11-14,Aggressive,1.7511361306762647
2016-11-15,Aggressive,1.8126378775923708
2016-11-16,Aggressive,1.8206900195471727
2016-11-17,Aggressive,1.8559835769342738
2016-11-18,Aggressive,1.8589477873765636
2016-11-21,Aggressive,1.9090247457464034
2016-11-22,Aggressive,1.9209672776688156
2016-11-23,Aggressive,1.9009374113462902
2016-11-25,Aggressive,1.9094607766318665
2016-11-28,Aggressive,1.8748493389140628
2016-11-29,Aggressive,1.8729359310964582
2016-11-30,Aggressive,1.8256278931953425
2016-12-01,Aggressive,1.7835963050379728
2016-12-02,Aggressive,1.7782264796467828
2016-12-05,Aggressive,1.8398970145218216
2016-12-06,Aggressive,1.8479552732243811
2016-12-07,Aggressive,1.8802427446455283
2016-12-08,Aggressive,1.876937098682994
2016-12-09,Aggressive,1.8891051287026648
2016-12-12,Aggressive,1.8794125509774071
2016-12-13,Aggressive,1.9187684411109016
2016-12-14,Aggressive,1.8999605671511244
2016-12-15,Aggressive,1.8752533276701815
2016-12-16,Aggressive,1.8553724062187467
2016-12-19,Aggressive,1.8920039779185243
2016-12-20,Aggressive,1.908133540795184
2016-12-21,Aggressive,1.9062311075862977
2016-12-22,Aggressive,1.8896882640382882
2016-12-23,Aggressive,1.8804442231586922
2016-12-27,Aggressive,1.9032566030461742
2016-12-28,Aggressive,1.8914898765945232
2016-12-29,Aggressive,1.8748363211313368
2016-12-30,Aggressive,1.8348620548019614
2017-01-03,Aggressive,1.8501219318185003
2017-01-04,Aggressive,1.8665156676621075
2017-01-05,Aggressive,1.9338214509344391
2017-01-06,Aggressive,1.9902231704475302
2017-01-09,Aggressive,1.9933996111245587
2017-01-10,Aggressive,1.9896230299650202
2017-01-11,Aggressive,2.003641186737105
2017-01-12,Aggressive,2.0299538814189773
2017-01-13,Aggressive,2.0378774166977918
2017-01-17,Aggressive,2.014996608806604
2017-01-18,Aggressive,2.0185797099226668
2017-01-19,Aggressive,2.032305192318727
2017-01-20,Aggressive,2.0400808560865276
2017-01-23,Aggressive,2.0603619282257615
2017-01-24,Aggressive,2.100062705099844
2017-01-25,Aggressive,2.1473849149821422
2017-01-26,Aggressive,2.1435939248513622
2017-01-27,Aggressive,2.1441231832180954
2017-01-30,Aggressive,2.127242604399953
2017-01-31,Aggressive,2.1045450081683854
2017-02-01,Aggressive,2.124672867148423
2017-02-02,Aggressive,2.136452945145842
2017-02-03,Aggressive,2.0907820260818832
2017-02-06,Aggressive,2.081515015226029
2017-02-07,Aggressive,2.100960489764074
2017-02-08,Aggressive,2.122853732312018
2017-02-09,Aggressive,2.130058221500524
2017-02-10,Aggressive,2.1505053935458753
2017-02-13,Aggressive,2.1807102748127036
2017-02-14,Aggressive,2.1805735394187584
2017-02-15,Aggressive,2.2061252320815106
2017-02-16,Aggressive,2.213651652158131
2017-02-17,Aggressive,2.225527793283559
2017-02-21,Aggressive,2.255085743533678
2017-02-22,Aggressive,2.2514846373996686
2017-02-23,Aggressive,2.2406850456379814
2017-02-24,Aggressive,2.2306607771468836
2017-02-27,Aggressive,2.236688766463662
2017-02-28,Aggressive,2.2260606554507163
2017-03-01,Aggressive,2.2678871973760453
2017-03-02,Aggressive,2.2531226329066216
2017-03-03,Aggressive,2.255241608390986
2017-03-06,Aggressive,2.246969834336211
2017-03-07,Aggressive,2.245892969016629
2017-03-08,Aggressive,2.2519994323897703
2017-03-09,Aggressive,2.258449113765398
2017-03-10,Aggressive,2.2648408975508225
2017-03-13,Aggressive,2.276476600669345
2017-03-14,Aggressive,2.2681705756766903
2017-03-15,Aggressive,2.2750831317674636
2017-03-16,Aggressive,2.2773598957743824
2017-03-17,Aggressive,2.319359151932781
2017-03-20,Aggressive,2.322643436696928
2017-03-21,Aggressive,2.275219702838243
2017-03-22,Aggressive,2.2977399347139142
2017-03-23,Aggressive,2.3023842699373294
2017-03-24,Aggressive,2.303132972655081
2017-03-27,Aggressive,2.311051868336253
2017-03-28,Aggressive,2.3377301213712625
2017-03-29,Aggressive,2.3872079652560125
2017-03-30,Aggressive,2.3925996265043823
2017-03-31,Aggressive,2.4180650661994205
2017-04-03,Aggressive,2.424106617167222
2017-04-04,Aggressive,2.4656931863635814
2017-04-05,Aggressive,2.4669759343879316
2017-04-06,Aggressive,2.4454854958045233
2017-04-07,Aggressive,2.441122951547112
2017-04-10,Aggressive,2.4654595146929417
2017-04-11,Aggressive,2.455018842686432
2017-04-12,Aggressive,2.4320323262197983
2017-04-13,Aggressive,2.4027384380663226
2017-04-17,Aggressive,2.45544373922233
2017-04-18,Aggressive,2.4558066875694133
2017-04-19,Aggressive,2.4502331078728146
2017-04-20,Aggressive,2.468675533975019
2017-04-21,Aggressive,2.4635599690954324
2017-04-24,Aggressive,2.498224884297235
2017-04-25,Aggressive,2.506421024530414
2017-04-26,Aggressive,2.500987282091377
2017-04-27,Aggressive,2.52902046596198
2017-04-28,Aggressive,2.5496690828616644
2017-05-01,Aggressive,2.6091658084640645
2017-05-02,Aggressive,2.607212573219241
2017-05-03,Aggressive,2.592755843865591
2017-05-04,Aggressive,2.5823360432652396
2017-05-05,Aggressive,2.5802855550604153
2017-05-08,Aggressive,2.6175593512819653
2017-05-09,Aggressive,2.6317124845019317
2017-05-10,Aggressive,2.621542186098716
2017-05-11,Aggressive,2.621182208598596
2017-05-12,Aggressive,2.655194912658184
2017-05-15,Aggressive,2.652930997881273
2017-05-16,Aggressive,2.675159212395486
2017-05-17,Aggressive,2.5885145314887343
2017-05-18,Aggressive,2.6180979229655565
2017-05-19,Aggressive,2.644020538699923
2017-05-22,Aggressive,2.6945846806590232
2017-05-23,Aggressive,2.7019906651374184
2017-05-24,Aggressive,2.7386751477748827
2017-05-25,Aggressive,2.785926734175568
2017-05-26,Aggressive,2.7819325595111435
2017-05-30,Aggressive,2.7890716363995103
2017-05-31,Aggressive,2.781011165709157
2017-06-01,Aggressive,2.779145077347883
2017-06-02,Aggressive,2.8266877323650403
2017-06-05,Aggressive,2.8355002868425454
2017-06-06,Aggressive,2.8082203307249456
2017-06-07,Aggressive,2.831439859043709
2017-06-08,Aggressive,2.8264809733199567
2017-06-09,Aggressive,2.715866019701987
2017-06-12,Aggressive,2.6792014556509858
2017-06-13,Aggressive,2.7324978918431637
2017-06-14,Aggressive,2.717773024735748
2017-06-15,Aggressive,2.689468006197656
2017-06-16,Aggressive,2.7461679340078082
2017-06-19,Aggressive,2.789654198663446
2017-06-20,Aggressive,2.7876870681957024
2017-06-21,Aggressive,2.840064269052971
2017-06-22,Aggressive,2.8336203217881013
2017-06-23,Aggressive,2.8590319574552403
2017-06-26,Aggressive,2.8294901291659595
2017-06-27,Aggressive,2.768068858724
2017-06-28,Aggressive,2.810702609316852
2017-06-29,Aggressive,2.7523637492772313
2017-06-30,Aggressive,2.7369538935018594
2017-07-03,Aggressive,2.679809875811388
2017-07-05,Aggressive,2.7494562404480245
2017-07-06,Aggressive,2.7308659978377468
2017-07-07,Aggressive,2.775741829748587
2017-07-10,Aggressive,2.8278224145911506
2017-07-11,Aggressive,2.822879875878063
2017-07-12,Aggressive,2.8771232859379148
2017-07-13,Aggressive,2.8560843554937496
2017-07-14,Aggressive,2.8723100687438174
2017-07-17,Aggressive,2.893659410474629
2017-07-18,Aggressive,2.937686331129386
2017-07-19,Aggressive,2.956630263624746
2017-07-20,Aggressive,2.9686753778536277
2017-07-21,Aggressive,2.9613728126792824
2017-07-24,Aggressive,2.991240040043245
2017-07-25,Aggressive,2.982097671020202
2017-07-26,Aggressive,3.0600328384529147
2017-07-27,Aggressive,3.024498764125984
2017-07-28,Aggressive,2.9718710053258666
2017-07-31,Aggressive,2.898708962267096
2017-08-01,Aggressive,2.921797370106035
2017-08-02,Aggressive,2.916440586103019
2017-08-03,Aggressive,2.9022635972354296
2017-08-04,Aggressive,2.9022828145551642
2017-08-07,Aggressive,2.9231126124340387
2017-08-08,Aggressive,2.9109664534006017
2017-08-09,Aggressive,2.8901717119916883
2017-08-10,Aggressive,2.800692328322479
2017-08-11,Aggressive,2.84254607242796
2017-08-14,Aggressive,2.9044428392434463
2017-08-15,Aggressive,2.9165350656527744
2017-08-16,Aggressive,2.916101954718018
2017-08-17,Aggressive,2.8418193584601643
2017-08-18,Aggressive,2.8349866185940216
2017-08-21,Aggressive,2.8339151829418645
2017-08-22,Aggressive,2.8969841696252066
2017-08-23,Aggressive,2.8640409974755694
2017-08-24,Aggressive,2.8495645293861016
2017-08-25,Aggressive,2.834015229134797
2017-08-28,Aggressive,2.840530698659008
2017-08-29,Aggressive,2.867177761795946
2017-08-30,Aggressive,2.911777391364709
2017-08-31,Aggressive,2.9536338818230523
2017-09-01,Aggressive,2.948293122586466
2017-09-05,Aggressive,2.9064632994565396
2017-09-06,Aggressive,2.9045176579845817
2017-09-07,Aggressive,2.9486879333240257
2017-09-08,Aggressive,2.9196055779813492
2017-09-11,Aggressive,2.963399669553163
2017-09-12,Aggressive,2.969548245228955
2017-09-13,Aggressive,3.010790270665532
2017-09-14,Aggressive,2.987559311098616
2017-09-15,Aggressive,2.9765213098540575
2017-09-18,Aggressive,2.9638574138750955
2017-09-19,Aggressive,2.9597711371659297
2017-09-20,Aggressive,2.91634091101688
2017-09-21,Aggressive,2.891478241157175
2017-09-22,Aggressive,2.862817420440858
2017-09-25,Aggressive,2.790231813366612
2017-09-26,Aggressive,2.7938253883265167
2017-09-27,Aggressive,2.833571028134761
2017-09-28,Aggressive,2.8485922784868625
2017-09-29,Aggressive,2.880438285519603
2017-10-02,Aggressive,2.8671485031900974
2017-10-03,Aggressive,2.867259552425224
2017-10-04,Aggressive,2.881612743733288
2017-10-05,Aggressive,2.9417151993524286
2017-10-06,Aggressive,2.9691701287420074
2017-10-09,Aggressive,2.9754883431752503
2017-10-10,Aggressive,2.9758317594129475
2017-10-11,Aggressive,3.0077007433605285
2017-10-12,Aggressive,3.021838302796459
2017-10-13,Aggressive,3.0276785879902652
2017-10-16,Aggressive,3.0041634989949237
2017-10-17,Aggressive,3.0083272112500206
2017-10-18,Aggressive,3.0055054997886943
2017-10-19,Aggressive,3.1422473390246903
2017-10-20,Aggressive,3.172655816324972
2017-10-23,Aggressive,3.101007263838639
2017-10-24,Aggressive,3.125196962028604
2017-10-25,Aggressive,3.109292444697794
2017-10-26,Aggressive,3.124557402931848
2017-10-27,Aggressive,3.464463466622128
2017-10-30,Aggressive,3.481243099706546
2017-10-31,Aggressive,3.45892630566152
2017-11-01,Aggressive,3.4651776565740757
2017-11-02,Aggressive,3.4887343082445366
2017-11-03,Aggressive,3.539854821830966
2017-11-06,Aggressive,3.5525348669585055
2017-11-07,Aggressive,3.562294111113099
2017-11-08,Aggressive,3.6108306087841378
2017-11-09,Aggressive,3.579774957111022
2017-11-10,Aggressive,3.5663337074949055
2017-11-13,Aggressive,3.578859669605915
2017-11-14,Aggressive,3.5914270676873956
2017-11-15,Aggressive,3.559017040709457
2017-11-16,Aggressive,3.6037741543157074
2017-11-17,Aggressive,3.5836409605457504
2017-11-20,Aggressive,3.5797992293174596
2017-11-21,Aggressive,3.629556720992582
2017-11-22,Aggressive,3.6555275774231895
2017-11-24,Aggressive,3.739427763918953
2017-11-27,Aggressive,3.7662966647874203
2017-11-28,Aggressive,3.768438495050402
2017-11-29,Aggressive,3.622919673230144
2017-11-30,Aggressive,3.7101418540717397
2017-12-01,Aggressive,3.651725998515567
2017-12-04,Aggressive,3.500985219784866
2017-12-05,Aggressive,3.5070169323942233
2017-12-06,Aggressive,3.588925259614949
2017-12-07,Aggressive,3.621103300516351
2017-12-08,Aggressive,3.622871308711602
2017-12-11,Aggressive,3.6413692679399077
2017-12-12,Aggressive,3.6269051478280563
2017-12-13,Aggressive,3.665518387175429
2017-12-14,Aggressive,3.6759806300945836
2017-12-15,Aggressive,3.7095226517718434
2017-12-18,Aggressive,3.732391696618106
2017-12-19,Aggressive,3.7109271014221337
2017-12-20,Aggressive,3.6830024618296893
2017-12-21,Aggressive,3.6751246381054763
2017-12-22,Aggressive,3.664370112719224
2017-12-26,Aggressive,3.6792249456610486
2017-12-27,Aggressive,3.700432237681067
2017-12-28,Aggressive,3.7120033556010608
2017-12-29,Aggressive,3.668923470714825
2018-01-02,Aggressive,3.7385500131062503
2018-01-03,Aggressive,3.8044738158494082
2018-01-04,Aggressive,3.834445709820864
2018-01-05,Aggressive,3.916015101220622
2018-01-08,Aggressive,3.956331078579053
2018-01-09,Aggressive,3.9963422952712753
2018-01-10,Aggressive,4.006315834602713
2018-01-11,Aggressive,4.085042699410363
2018-01-12,Aggressive,4.216708983924878
2018-01-16,Aggressive,4.191531711699153
2018-01-17,Aggressive,4.226810934956087
2018-01-18,Aggressive,4.205837066641932
2018-01-19,Aggressive,4.201311478309375
2018-01-22,Aggressive,4.29642264542134
2018-01-23,Aggressive,4.39441093484296
2018-01-24,Aggressive,4.36096312824149
2018-01-25,Aggressive,4.4173994876129195
2018-01-26,Aggressive,4.506852106915625
2018-01-29,Aggressive,4.511162542572369
2018-01-30,Aggressive,4.539767644937446
2018-01-31,Aggressive,4.62008790348227
2018-02-01,Aggressive,4.483571437721468
2018-02-02,Aggressive,4.529758225940848
2018-02-05,Aggressive,4.361546530170778
2018-02-06,Aggressive,4.536382826084526
2018-02-07,Aggressive,4.468886639064139
2013-02-11,Conservative,0.0015613062771733244
2013-02-12,Conservative,3.328998704654751e-05
2013-02-13,Conservative,-0.0031800522587455138
2013-02-14,Conservative,-0.006301709892892471
2013-02-15,Conservative,-0.0028430544321957907
2013-02-19,Conservative,0.004180338029562414
2013-02-20,Conservative,0.0008672933511113534
2013-02-21,Conservative,6.002792983395011e-05
2013-02-22,Conservative,0.006346260448371943
2013-02-25,Conservative,-0.0020507269687582985
2013-02-26,Conservative,0.00388970986693149
2013-02-27,Conservative,0.009919055004539823
2013-02-28,Conservative,0.00906965236703905
2013-03-01,Conservative,0.009200044543294261
2013-03-04,Conservative,0.012612692344352583
2013-03-05,Conservative,0.020716240771107453
2013-03-06,Conservative,0.021909334286804416
2013-03-07,Conservative,0.024019350569212783
2013-03-08,Conservative,0.02797904115678218
2013-03-11,Conservative,0.029238483917957803
2013-03-12,Conservative,0.026542017596272283
2013-03-13,Conservative,0.02702021236480201
2013-03-14,Conservative,0.03105006785963016
2013-03-15,Conservative,0.03105294469397535
2013-03-18,Conservative,0.027511187969325723
2013-03-19,Conservative,0.02939052127580366
2013-03-20,Conservative,0.03458333733123009
2013-03-21,Conservative,0.03125782409187794
2013-03-22,Conservative,0.04059182355380053
2013-03-25,Conservative,0.03763010261496369
2013-03-26,Conservative,0.04649532328378925
2013-03-27,Conservative,0.04582538727106855
2013-03-28,Conservative,0.051553933951284714
2013-04-01,Conservative,0.05108402680942126
2013-04-02,Conservative,0.05938405966028015
2013-04-03,Conservative,0.052180155784663285
2013-04-04,Conservative,0.060477866061174446
2013-04-05,Conservative,0.05887887536850123
2013-04-08,Conservative,0.06379035630516694
2013-04-09,Conservative,0.06342044175976413
2013-04-10,Conservative,0.07181397736627959
2013-04-11,Conservative,0.07768833379581808
2013-04-12,Conservative,0.08134325496046668
2013-04-15,Conservative,0.06575567128895199
2013-04-16,Conservative,0.08308808180481408
2013-04-17,Conservative,0.07577280958812338
2013-04-18,Conservative,0.07074148113689094
2013-04-19,Conservative,0.07983766502412681
2013-04-22,Conservative,0.0811303458099748
2013-04-23,Conservative,0.08820991872305362
2013-04-24,Conservative,0.07712957934693954
2013-04-25,Conservative,0.07952114229587925
2013-04-26,Conservative,0.07827174205625176
2013-04-29,Conservative,0.08511645543306567
2013-04-30,Conservative,0.0835292117411881
2013-05-01,Conservative,0.07768267055786571
2013-05-02,Conservative,0.07962516647732154
2013-05-03,Conservative,0.08364724027715975
2013-05-06,Conservative,0.07899362926237985
2013-05-07,Conservative,0.08777025099490854
2013-05-08,Conservative,0.08472845471916801
2013-05-09,Conservative,0.07567357712755629
2013-05-10,Conservative,0.07774848459896266
2013-05-13,Conservative,0.07713632888227151
2013-05-14,Conservative,0.08320701799638974
2013-05-15,Conservative,0.08961028666116566
2013-05-16,Conservative,0.0834955506906847
2013-05-17,Conservative,0.08560687306909887
2013-05-20,Conservative,0.08147385200069057
2013-05-21,Conservative,0.08192502122181033
2013-05-22,Conservative,0.07713248943771944
2013-05-23,Conservative,0.07113621428069705
2013-05-24,Conservative,0.06986895446918928
2013-05-28,Conservative,0.07023798487572575
2013-05-29,Conservative,0.05466332848440025
2013-05-30,Conservative,0.049146390664815964
2013-05-31,Conservative,0.035851558247442794
2013-06-03,Conservative,0.04519184958721145
2013-06-04,Conservative,0.04723324143608054
2013-06-05,Conservative,0.035784971028452794
2013-06-06,Conservative,0.045083248692536104
2013-06-07,Conservative,0.053233338698505994
2013-06-10,Conservative,0.05525638720156234
2013-06-11,Conservative,0.04916556469681832
2013-06-12,Conservative,0.04278779453357395
2013-06-13,Conservative,0.05467091458674189
2013-06-14,Conservative,0.05081325367150513
2013-06-17,Conservative,0.05448606861115435
2013-06-18,Conservative,0.06277829638869914
2013-06-19,Conservative,0.0439552904925411
2013-06-20,Conservative,0.019117903735203834
2013-06-21,Conservative,0.026674104941265542
2013-06-24,Conservative,0.022458980836845166
2013-06-25,Conservative,0.030513479806649313
2013-06-26,Conservative,0.0415302611876085
2013-06-27,Conservative,0.04450610191581461
2013-06-28,Conservative,0.0407162316291696
2013-07-01,Conservative,0.04316136601126064
2013-07-02,Conservative,0.042723424883518435
2013-07-03,Conservative,0.0429072255783991
2013-07-05,Conservative,0.045009526790145804
2013-07-08,Conservative,0.052588641501862154
2013-07-09,Conservative,0.05901049836518801
2013-07-10,Conservative,0.05842589783761154
2013-07-11,Conservative,0.07183466841746844
2013-07-12,Conservative,0.07320141586491791
2013-07-15,Conservative,0.0735632398734245
2013-07-16,Conservative,0.07015681745901858
2013-07-17,Conservative,0.07230172209807861
2013-07-18,Conservative,0.0771314527715572
2013-07-19,Conservative,0.081700243666319
2013-07-22,Conservative,0.07723707439248972
2013-07-23,Conservative,0.07787476231206991
2013-07-24,Conservative,0.07437292276090712
2013-07-25,Conservative,0.07596997713170217
2013-07-26,Conservative,0.07852057285683589
2013-07-29,Conservative,0.07954698646353142
2013-07-30,Conservative,0.07925935563057296
2013-07-31,Conservative,0.07282166885161856
2013-08-01,Conservative,0.07659655072522642
2013-08-02,Conservative,0.07865816032017237
2013-08-05,Conservative,0.07698856525894548
2013-08-06,Conservative,0.07381733285343417
2013-08-07,Conservative,0.07302446074532143
2013-08-08,Conservative,0.07061073120093853
2013-08-09,Conservative,0.0644646467240626
2013-08-12,Conservative,0.061721433403197246
2013-08-13,Conservative,0.06381809293342933
2013-08-14,Conservative,0.058563585104350446
2013-08-15,Conservative,0.044265161148962395
2013-08-16,Conservative,0.03824537150697371
2013-08-19,Conservative,0.03608639454906193
2013-08-20,Conservative,0.03571335337794679
2013-08-21,Conservative,0.026581561096955086
2013-08-22,Conservative,0.029872101698276587
2013-08-23,Conservative,0.034214807424113314
2013-08-26,Conservative,0.027756359848323475
2013-08-27,Conservative,0.020862311675808654
2013-08-28,Conservative,0.024156763753815813
2013-08-29,Conservative,0.021238815167526015
2013-08-30,Conservative,0.022161065990945694
2013-09-03,Conservative,0.017015740893850273
2013-09-04,Conservative,0.022625874541192248
2013-09-05,Conservative,0.020038856656952486
2013-09-06,Conservative,0.023834643107707443
2013-09-09,Conservative,0.028658558328165107
2013-09-10,Conservative,0.03357919649466545
2013-09-11,Conservative,0.0329994764820325
2013-09-12,Conservative,0.03099609421755556
2013-09-13,Conservative,0.03398707385631927
2013-09-16,Conservative,0.03699307770003979
2013-09-17,Conservative,0.04039460878075074
2013-09-18,Conservative,0.057794313466915215
2013-09-19,Conservative,0.051422494976955946
2013-09-20,Conservative,0.043468635958492596
2013-09-23,Conservative,0.04562782610857563
2013-09-24,Conservative,0.04261254850961094
2013-09-25,Conservative,0.03594787776557906
2013-09-26,Conservative,0.03894157251130692
2013-09-27,Conservative,0.03314265514102033
2013-09-30,Conservative,0.026658704392054533
2013-10-01,Conservative,0.030971403317368917
2013-10-02,Conservative,0.028809900099391106
2013-10-03,Conservative,0.01904071137167418
2013-10-04,Conservative,0.022155260818214728
2013-10-07,Conservative,0.01753345980394494
2013-10-08,Conservative,0.014982776902229267
2013-10-09,Conservative,0.018036035300286635
2013-10-10,Conservative,0.03343768342919029
2013-10-11,Conservative,0.037513001047629224
2013-10-14,Conservative,0.0383646406927205
2013-10-15,Conservative,0.030803399539748755
2013-10-16,Conservative,0.04443097263288487
2013-10-17,Conservative,0.053216669624932544
2013-10-18,Conservative,0.05586676774477328
2013-10-21,Conservative,0.05579802467286332
2013-10-22,Conservative,0.06511033626761464
2013-10-23,Conservative,0.06213780892785459
2013-10-24,Conservative,0.06031320938706619
2013-10-25,Conservative,0.06497083161599781
2013-10-28,Conservative,0.07106817530189602
2013-10-29,Conservative,0.0762288495706247
2013-10-30,Conservative,0.07150408779298223
2013-10-31,Conservative,0.0653237343930233
2013-11-01,Conservative,0.07031769578507951
2013-11-04,Conservative,0.07484019366976291
2013-11-05,Conservative,0.06992464606979576
2013-11-06,Conservative,0.07976243679494988
2013-11-07,Conservative,0.06986229012310852
2013-11-08,Conservative,0.07456611623548715
2013-11-11,Conservative,0.07584230053423546
2013-11-12,Conservative,0.07558483214195166
2013-11-13,Conservative,0.08092790549596085
2013-11-14,Conservative,0.08728382742614205
2013-11-15,Conservative,0.08888913862887282
2013-11-18,Conservative,0.0884828905119035
2013-11-19,Conservative,0.08688383525276078
2013-11-20,Conservative,0.08079316669476855
2013-11-21,Conservative,0.08414482481688257
2013-11-22,Conservative,0.08663441241341419
2013-11-25,Conservative,0.0867969639211068
2013-11-26,Conservative,0.08378997262831422
2013-11-27,Conservative,0.08306331877738993
2013-11-29,Conservative,0.08271982512277232
2013-12-02,Conservative,0.07829361858891848
2013-12-03,Conservative,0.07859630380304083
2013-12-04,Conservative,0.07642682968132775
2013-12-05,Conservative,0.07047284505595752
2013-12-06,Conservative,0.082562918712487
2013-12-09,Conservative,0.07950356071255382
2013-12-10,Conservative,0.07156541217409162
2013-12-11,Conservative,0.06446478894324836
2013-12-12,Conservative,0.05501738414409152
2013-12-13,Conservative,0.053767533222863984
2013-12-16,Conservative,0.059372151639260684
2013-12-17,Conservative,0.05447222320756606
2013-12-18,Conservative,0.07271175393673257
2013-12-19,Conservative,0.06874874808742026
2013-12-20,Conservative,0.07165709962080347
2013-12-23,Conservative,0.07510797564610172
2013-12-24,Conservative,0.07742837816495074
2013-12-26,Conservative,0.08071526235312798
2013-12-27,Conservative,0.08219309656870344
2013-12-30,Conservative,0.08459903158238169
2013-12-31,Conservative,0.08631889672403892
2014-01-02,Conservative,0.07773413151963982
2014-01-03,Conservative,0.07549181296032748
2014-01-06,Conservative,0.07413634071666109
2014-01-07,Conservative,0.08161087019451951
2014-01-08,Conservative,0.07367255474043732
2014-01-09,Conservative,0.07173208720853519
2014-01-10,Conservative,0.07728450034773893
2014-01-13,Conservative,0.06806287971241343
2014-01-14,Conservative,0.0729986197546042
2014-01-15,Conservative,0.07713606435024123
2014-01-16,Conservative,0.0773152699925086
2014-01-17,Conservative,0.07049665035301378
2014-01-21,Conservative,0.07503917036743002
2014-01-22,Conservative,0.07390103912635526
2014-01-23,Conservative,0.07010813414344308
2014-01-24,Conservative,0.05554493577513364
2014-01-27,Conservative,0.053972395887561087
2014-01-28,Conservative,0.05508384482439199
2014-01-29,Conservative,0.042827495335689525
2014-01-30,Conservative,0.04922756434979503
2014-01-31,Conservative,0.04729585342821352
2014-02-03,Conservative,0.03149899194243533
2014-02-04,Conservative,0.036354115015436506
2014-02-05,Conservative,0.03546029685165486
2014-02-06,Conservative,0.04301054214235012
2014-02-07,Conservative,0.051302225893239406
2014-02-10,Conservative,0.055010176734715976
2014-02-11,Conservative,0.06601750978988741
2014-02-12,Conservative,0.06359825423125809
2014-02-13,Conservative,0.06994095610116724
2014-02-14,Conservative,0.07362209273431941
2014-02-18,Conservative,0.06843501848013345
2014-02-19,Conservative,0.060650311284295766
2014-02-20,Conservative,0.06455937275741475
2014-02-21,Conservative,0.062181372468609775
2014-02-24,Conservative,0.06429310085802586
2014-02-25,Conservative,0.06367141279346056
2014-02-26,Conservative,0.06219733426246621
2014-02-27,Conservative,0.06520272683431716
2014-02-28,Conservative,0.06863943603965916
2014-03-03,Conservative,0.06167785982375751
2014-03-04,Conservative,0.07355888581584447
2014-03-05,Conservative,0.07291377111778474
2014-03-06,Conservative,0.07391138719794887
2014-03-07,Conservative,0.07466046158020201
2014-03-10,Conservative,0.07469152909496968
2014-03-11,Conservative,0.07956954339311073
2014-03-12,Conservative,0.08144082696067345
2014-03-13,Conservative,0.07518733151802892
2014-03-14,Conservative,0.0753125610520946
2014-03-17,Conservative,0.08203713672458668
2014-03-18,Conservative,0.08443832113763938
2014-03-19,Conservative,0.07554510501909184
2014-03-20,Conservative,0.08423227814608558
2014-03-21,Conservative,0.08657810089319962
2014-03-24,Conservative,0.08771134765085509
2014-03-25,Conservative,0.09412753540343166
2014-03-26,Conservative,0.09135182666337638
2014-03-27,Conservative,0.0947823430946153
2014-03-28,Conservative,0.0976394494613948
2014-03-31,Conservative,0.10444366893391743
2014-04-01,Conservative,0.10183512306718812
2014-04-02,Conservative,0.10208224234058938
2014-04-03,Conservative,0.10312956884945579
2014-04-04,Conservative,0.10259819106329493
2014-04-07,Conservative,0.10120418947002774
2014-04-08,Conservative,0.10609627903279661
2014-04-09,Conservative,0.1072467164600186
2014-04-10,Conservative,0.10028810020935586
2014-04-11,Conservative,0.09681658149988381
2014-04-14,Conservative,0.10215928906989635
2014-04-15,Conservative,0.11297132944717214
2014-04-16,Conservative,0.12058969389114038
2014-04-17,Conservative,0.11917825183470132
2014-04-21,Conservative,0.12166676568623735
2014-04-22,Conservative,0.12293589743130662
2014-04-23,Conservative,0.11783943203825475
2014-04-24,Conservative,0.12348011964493111
2014-04-25,Conservative,0.1279747538380911
2014-04-28,Conservative,0.13997351791948365
2014-04-29,Conservative,0.13851613664364404
2014-04-30,Conservative,0.13676978090317182
2014-05-01,Conservative,0.1318938608482243
2014-05-02,Conservative,0.1253249601408113
2014-05-05,Conservative,0.126362701783844
2014-05-06,Conservative,0.11941624989720112
2014-05-07,Conservative,0.1280535744018314
2014-05-08,Conservative,0.12618203757687407
2014-05-09,Conservative,0.12563235085460445
2014-05-12,Conservative,0.1252137156452604
2014-05-13,Conservative,0.12685696584496142
2014-05-14,Conservative,0.12590102495852795
2014-05-15,Conservative,0.11802480140894267
2014-05-16,Conservative,0.12318233601855533
2014-05-19,Conservative,0.1173783929632446
2014-05-20,Conservative,0.11089519059130004
2014-05-21,Conservative,0.11649165694305563
2014-05-22,Conservative,0.11770597282918849
2014-05-23,Conservative,0.1175889526355034
2014-05-27,Conservative,0.12138757842074477
2014-05-28,Conservative,0.1210029125612353
2014-05-29,Conservative,0.12490916936285235
2014-05-30,Conservative,0.12892533581791565
2014-06-02,Conservative,0.12896325944365294
2014-06-03,Conservative,0.12813288303026837
2014-06-04,Conservative,0.12987980248764797
2014-06-05,Conservative,0.1348660593075679
2014-06-06,Conservative,0.1327657018634376
2014-06-09,Conservative,0.13168980339801362
2014-06-10,Conservative,0.13187137558631012
2014-06-11,Conservative,0.12466135156997793
2014-06-12,Conservative,0.1211352540705033
2014-06-13,Conservative,0.12255172300641792
2014-06-16,Conservative,0.1257628621215181
2014-06-17,Conservative,0.12407065711797394
2014-06-18,Conservative,0.13691118227133137
2014-06-19,Conservative,0.14183828068484794
2014-06-20,Conservative,0.13914594526159418
2014-06-23,Conservative,0.13738590070010237
2014-06-24,Conservative,0.13461781492356928
2014-06-25,Conservative,0.14061118670194994
2014-06-26,Conservative,0.1403183644898156
2014-06-27,Conservative,0.1435571944481131
2014-06-30,Conservative,0.14473051714766227
2014-07-01,Conservative,0.14723363117692
2014-07-02,Conservative,0.1447962337828641
2014-07-03,Conservative,0.14616753294633233
2014-07-07,Conservative,0.14764030967823372
2014-07-08,Conservative,0.14503116611870537
2014-07-09,Conservative,0.14795085969300992
2014-07-10,Conservative,0.14810052255684947
2014-07-11,Conservative,0.14647436358970012
2014-07-14,Conservative,0.14908815042006407
2014-07-15,Conservative,0.1487376656469106
2014-07-16,Conservative,0.15036820450893074
2014-07-17,Conservative,0.14126244029644686
2014-07-18,Conservative,0.14920794309982366
2014-07-21,Conservative,0.1439142841460581
2014-07-22,Conservative,0.1407408166717945
2014-07-23,Conservative,0.1403039106366133
2014-07-24,Conservative,0.1403181267352238
2014-07-25,Conservative,0.13895058057469245
2014-07-28,Conservative,0.1444334615765719
2014-07-29,Conservative,0.13808231349811906
2014-07-30,Conservative,0.13042198436716723
2014-07-31,Conservative,0.10895333034500854
2014-08-01,Conservative,0.10988646225537568
2014-08-04,Conservative,0.11002380060736394
2014-08-05,Conservative,0.10038020958053284
2014-08-06,Conservative,0.10113328812114841
2014-08-07,Conservative,0.09723005700546983
2014-08-08,Conservative,0.10828343866574563
2014-08-11,Conservative,0.10742344320522457
2014-08-12,Conservative,0.10725727162585863
2014-08-13,Conservative,0.11105700376058536
2014-08-14,Conservative,0.11696008292121585
2014-08-15,Conservative,0.11704811714312746
2014-08-18,Conservative,0.12322406105257544
2014-08-19,Conservative,0.12697991725338142
2014-08-20,Conservative,0.1275247196868423
2014-08-21,Conservative,0.13115375053680522
2014-08-22,Conservative,0.1278674629942229
2014-08-25,Conservative,0.1315592154087306
2014-08-26,Conservative,0.130518164283151
2014-08-27,Conservative,0.13490821800439923
2014-08-28,Conservative,0.13622887693246444
2014-08-29,Conservative,0.13762955640273278
2014-09-02,Conservative,0.13246927847743506
2014-09-03,Conservative,0.13502890268609136
2014-09-04,Conservative,0.13372386690770344
2014-09-05,Conservative,0.1413846848435285
2014-09-08,Conservative,0.13628948019537246
2014-09-09,Conservative,0.1280186182478409
2014-09-10,Conservative,0.13336179325230413
2014-09-11,Conservative,0.1355124032609769
2014-09-12,Conservative,0.12748981442269391
2014-09-15,Conservative,0.13064536249432357
2014-09-16,Conservative,0.13900844566838044
2014-09-17,Conservative,0.13858346517498488
2014-09-18,Conservative,0.14019405740965096
2014-09-19,Conservative,0.1466255863318835
2014-09-22,Conservative,0.142785448090182
2014-09-23,Conservative,0.13789046474643185
2014-09-24,Conservative,0.14597097447900498
2014-09-25,Conservative,0.133570528144195
2014-09-26,Conservative,0.1393243377928357
2014-09-29,Conservative,0.14118955709247882
2014-09-30,Conservative,0.14058734995841715
2014-10-01,Conservative,0.13461410845127597
2014-10-02,Conservative,0.13404716528340477
2014-10-03,Conservative,0.14255379621788822
2014-10-06,Conservative,0.14196700961796416
2014-10-07,Conservative,0.13493098583731333
2014-10-08,Conservative,0.15186747151056168
2014-10-09,Conservative,0.13800820743023645
2014-10-10,Conservative,0.13893701282218296
2014-10-13,Conservative,0.13070727519335468
2014-10-14,Conservative,0.13371824700478063
2014-10-15,Conservative,0.12538809005514873
2014-10-16,Conservative,0.11558181666449396
2014-10-17,Conservative,0.1252448757464415
2014-10-20,Conservative,0.13671275945516492
2014-10-21,Conservative,0.1389592528563135
2014-10-22,Conservative,0.13997092202662187
2014-10-23,Conservative,0.14335484192800219
2014-10-24,Conservative,0.151120604611364
2014-10-27,Conservative,0.15235243838267132
2014-10-28,Conservative,0.15738631316833374
2014-10-29,Conservative,0.16093843939317765
2014-10-30,Conservative,0.16590328565250734
2014-10-31,Conservative,0.16816078459815298
2014-11-03,Conservative,0.17044335730324534
2014-11-04,Conservative,0.17451521926859792
2014-11-05,Conservative,0.18316956560657438
2014-11-06,Conservative,0.17858623012018882
2014-11-07,Conservative,0.18014182283178926
2014-11-10,Conservative,0.18574441232476513
2014-11-11,Conservative,0.18619789493712902
2014-11-12,Conservative,0.18599177836261416
2014-11-13,Conservative,0.1921436805505099
2014-11-14,Conservative,0.19189449483446985
2014-11-17,Conservative,0.19581759863978476
2014-11-18,Conservative,0.20108096955122967
2014-11-19,Conservative,0.20193043260425259
2014-11-20,Conservative,0.20019504909143393
2014-11-21,Conservative,0.2027816282334416
2014-11-24,Conservative,0.1986150636069013
2014-11-25,Conservative,0.19750749638831944
2014-11-26,Conservative,0.2023823385754162
2014-11-28,Conservative,0.21222407522542963
2014-12-01,Conservative,0.2069177703132401
2014-12-02,Conservative,0.2080427504490865
2014-12-03,Conservative,0.20418925974787938
2014-12-04,Conservative,0.20170754690629322
2014-12-05,Conservative,0.2017696242627376
2014-12-08,Conservative,0.19509954107117777
2014-12-09,Conservative,0.18583786252724277
2014-12-10,Conservative,0.17305024837095462
2014-12-11,Conservative,0.17918991948810659
2014-12-12,Conservative,0.16448486459808542
2014-12-15,Conservative,0.15684660145688123
2014-12-16,Conservative,0.15079105838816886
2014-12-17,Conservative,0.17242722661914245
2014-12-18,Conservative,0.19707650243215125
2014-12-19,Conservative,0.19472836443626185
2014-12-22,Conservative,0.2050117114089447
2014-12-23,Conservative,0.20489655438702692
2014-12-24,Conservative,0.2070915779883673
2014-12-26,Conservative,0.214728231980454
2014-12-29,Conservative,0.21606241104148016
2014-12-30,Conservative,0.206613590967337
2014-12-31,Conservative,0.193114407380923
2015-01-02,Conservative,0.19405677425465528
2015-01-05,Conservative,0.18309472872638044
2015-01-06,Conservative,0.18656041102086451
2015-01-07,Conservative,0.2010297732743047
2015-01-08,Conservative,0.21571910911837122
2015-01-09,Conservative,0.20566246360019313
2015-01-12,Conservative,0.20250608553558225
2015-01-13,Conservative,0.20121620643205484
2015-01-14,Conservative,0.196855976834714
2015-01-15,Conservative,0.19606464554298153
2015-01-16,Conservative,0.2052565670861981
2015-01-20,Conservative,0.2078472148851469
2015-01-21,Conservative,0.21059658514589108
2015-01-22,Conservative,0.22181658630572176
2015-01-23,Conservative,0.21341917943192756
2015-01-26,Conservative,0.21574005118205442
2015-01-27,Conservative,0.2049136388915489
2015-01-28,Conservative,0.1970455402682887
2015-01-29,Conservative,0.21407903232915304
2015-01-30,Conservative,0.1881602257237842
2015-02-02,Conservative,0.1988848219760464
2015-02-03,Conservative,0.2105483127232599
2015-02-04,Conservative,0.20689008889868443
2015-02-05,Conservative,0.2154093621934261
2015-02-06,Conservative,0.20565717423995977
2015-02-09,Conservative,0.19659940863169334
2015-02-10,Conservative,0.2156587918669597
2015-02-11,Conservative,0.21272465478605151
2015-02-12,Conservative,0.20890233683599835
2015-02-13,Conservative,0.20575244098021916
2015-02-17,Conservative,0.20175462384772325
2015-02-18,Conservative,0.2085563212848791
2015-02-19,Conservative,0.20002214288632447
2015-02-20,Conservative,0.20224310565039239
2015-02-23,Conservative,0.20544359976672455
2015-02-24,Conservative,0.21079955155523367
2015-02-25,Conservative,0.21121202636591185
2015-02-26,Conservative,0.2141294784588197
2015-02-27,Conservative,0.2134700113445689
2015-03-02,Conservative,0.21305280243056868
2015-03-03,Conservative,0.2100354165244358
2015-03-04,Conservative,0.20323889825376207
2015-03-05,Conservative,0.2027749861443804
2015-03-06,Conservative,0.18287822108335328
2015-03-09,Conservative,0.1847613170511515
2015-03-10,Conservative,0.1703889705369268
2015-03-11,Conservative,0.16089524991104565
2015-03-12,Conservative,0.17912922029557077
2015-03-13,Conservative,0.17063825848748726
2015-03-16,Conservative,0.18573613687967816
2015-03-17,Conservative,0.17876443380942408
2015-03-18,Conservative,0.19232358189330734
2015-03-19,Conservative,0.18146442372137805
2015-03-20,Conservative,0.19038707077357553
2015-03-23,Conservative,0.1977091834533653
2015-03-24,Conservative,0.19034209794448964
2015-03-25,Conservative,0.1761943185804511
2015-03-26,Conservative,0.17443596065655043
2015-03-27,Conservative,0.17467134969688458
2015-03-30,Conservative,0.187737089470271
2015-03-31,Conservative,0.18111189598023958
2015-04-01,Conservative,0.1775435383906443
2015-04-02,Conservative,0.17981188439048967
2015-04-06,Conservative,0.18694249967340548
2015-04-07,Conservative,0.18185559755783576
2015-04-08,Conservative,0.18161366593036643
2015-04-09,Conservative,0.18575494786090863
2015-04-10,Conservative,0.19293444310029773
2015-04-13,Conservative,0.18572824753136974
2015-04-14,Conservative,0.18687751586280954
2015-04-15,Conservative,0.1849933214814088
2015-04-16,Conservative,0.18245305423013436
2015-04-17,Conservative,0.17419770407893598
2015-04-20,Conservative,0.1858215852041143
2015-04-21,Conservative,0.1803610570076548
2015-04-22,Conservative,0.1901710982684639
2015-04-23,Conservative,0.19415084948811567
2015-04-24,Conservative,0.19791904977025188
2015-04-27,Conservative,0.1884928510121664
2015-04-28,Conservative,0.19297654957627475
2015-04-29,Conservative,0.1884360358710191
2015-04-30,Conservative,0.1816906557884519
2015-05-01,Conservative,0.19268856231784737
2015-05-04,Conservative,0.19407757208353882
2015-05-05,Conservative,0.1816031499337707
2015-05-06,Conservative,0.17628620648939197
2015-05-07,Conservative,0.179078567034876
2015-05-08,Conservative,0.18991626197549083
2015-05-11,Conservative,0.18114055528717166
2015-05-12,Conservative,0.18090201996052557
2015-05-13,Conservative,0.17986248788364523
2015-05-14,Conservative,0.18824537935483843
2015-05-15,Conservative,0.1938671384610673
2015-05-18,Conservative,0.19645073852735528
2015-05-19,Conservative,0.197258893035118
2015-05-20,Conservative,0.1965803865533826
2015-05-21,Conservative,0.19427871968890842
2015-05-22,Conservative,0.1894779207875319
2015-05-26,Conservative,0.18312716559730036
2015-05-27,Conservative,0.19067813345638984
2015-05-28,Conservative,0.18600499200812637
2015-05-29,Conservative,0.18231681814407996
2015-06-01,Conservative,0.18191264029972976
2015-06-02,Conservative,0.17883746822350277
2015-06-03,Conservative,0.18011643558857138
2015-06-04,Conservative,0.1749089167434128
2015-06-05,Conservative,0.1636223010057707
2015-06-08,Conservative,0.16105709168607696
2015-06-09,Conservative,0.15911609404061533
2015-06-10,Conservative,0.16518566799881684
2015-06-11,Conservative,0.16845226062494012
2015-06-12,Conservative,0.16055121449104148
2015-06-15,Conservative,0.1534320435294192
2015-06-16,Conservative,0.1618831184263534
2015-06-17,Conservative,0.1655970082049456
2015-06-18,Conservative,0.17828218291281783
2015-06-19,Conservative,0.1707675071330752
2015-06-22,Conservative,0.17355465271824166
2015-06-23,Conservative,0.1741056269179848
2015-06-24,Conservative,0.16708300919736097
2015-06-25,Conservative,0.16397837461450138
2015-06-26,Conservative,0.16876128844601568
2015-06-29,Conservative,0.1554315393487995
2015-06-30,Conservative,0.15321650996506198
2015-07-01,Conservative,0.16156527395093545
2015-07-02,Conservative,0.16624155355216907
2015-07-06,Conservative,0.16564459804601395
2015-07-07,Conservative,0.18202793946480256
2015-07-08,Conservative,0.1690161899266871
2015-07-09,Conservative,0.16357440128094924
2015-07-10,Conservative,0.17468852271911461
2015-07-13,Conservative,0.18392206526998578
2015-07-14,Conservative,0.18639784707898244
2015-07-15,Conservative,0.1872244681987869
2015-07-16,Conservative,0.19436824850254286
2015-07-17,Conservative,0.1884634481782883
2015-07-20,Conservative,0.18902912146925188
2015-07-21,Conservative,0.18338882894019926
2015-07-22,Conservative,0.1798968387677342
2015-07-23,Conservative,0.17268576283294834
2015-07-24,Conservative,0.1651813847423902
2015-07-27,Conservative,0.16635025786924662
2015-07-28,Conservative,0.17627999233391622
2015-07-29,Conservative,0.1822641440883901
2015-07-30,Conservative,0.18811963921639663
2015-07-31,Conservative,0.19122298913914726
2015-08-03,Conservative,0.19227600782274323
2015-08-04,Conservative,0.18725998981849568
2015-08-05,Conservative,0.19040027921746683
2015-08-06,Conservative,0.18591733943212096
2015-08-07,Conservative,0.18530030664740194
2015-08-10,Conservative,0.19333024544814026
2015-08-11,Conservative,0.1876606960257825
2015-08-12,Conservative,0.1896835221131581
2015-08-13,Conservative,0.18755459226660132
2015-08-14,Conservative,0.19112228053882485
2015-08-17,Conservative,0.19753902941903223
2015-08-18,Conservative,0.19196386199755255
2015-08-19,Conservative,0.18749644574386148
2015-08-20,Conservative,0.17409507044185335
2015-08-21,Conservative,0.14708884055268778
2015-08-24,Conservative,0.10186141385752512
2015-08-25,Conservative,0.08317256686829544
2015-08-26,Conservative,0.11990430220847204
2015-08-27,Conservative,0.14015752580483443
2015-08-28,Conservative,0.1342256218535185
2015-08-31,Conservative,0.125359414188442
2015-09-01,Conservative,0.09944492608813826
2015-09-02,Conservative,0.11463161079742679
2015-09-03,Conservative,0.1160189202380173
2015-09-04,Conservative,0.10005846282947606
2015-09-08,Conservative,0.12491547923499424
2015-09-09,Conservative,0.10932479916931359
2015-09-10,Conservative,0.11141205301189894
2015-09-11,Conservative,0.1206091469684556
2015-09-14,Conservative,0.11753111324679799
2015-09-15,Conservative,0.1266386207310708
2015-09-16,Conservative,0.13406937895927262
2015-09-17,Conservative,0.13494238699868255
2015-09-18,Conservative,0.12413165415649474
2015-09-21,Conservative,0.12987501203686724
2015-09-22,Conservative,0.11882704377881015
2015-09-23,Conservative,0.11921901298633975
2015-09-24,Conservative,0.12249568608067829
2015-09-25,Conservative,0.12589027688241372
2015-09-28,Conservative,0.11437296295922206
2015-09-29,Conservative,0.12092512432854097
2015-09-30,Conservative,0.1344782601786736
2015-10-01,Conservative,0.1300324060371434
2015-10-02,Conservative,0.1432917599705028
2015-10-05,Conservative,0.15993498651502103
2015-10-06,Conservative,0.15671175161766304
2015-10-07,Conservative,0.16241269088366495
2015-10-08,Conservative,0.16972674898063445
2015-10-09,Conservative,0.17013708356468027
2015-10-12,Conservative,0.17611058166292048
2015-10-13,Conservative,0.17274002540602562
2015-10-14,Conservative,0.16130721157060557
2015-10-15,Conservative,0.17320374165962504
2015-10-16,Conservative,0.1811034843486572
2015-10-19,Conservative,0.1791326803725124
2015-10-20,Conservative,0.1792281858960454
2015-10-21,Conservative,0.1748471472465145
2015-10-22,Conservative,0.20200443454689254
2015-10-23,Conservative,0.20225076736371617
2015-10-26,Conservative,0.19725381528580677
2015-10-27,Conservative,0.19714567442257924
2015-10-28,Conservative,0.2035311463541989
2015-10-29,Conservative,0.20162393536363243
2015-10-30,Conservative,0.19506424400201672
2015-11-02,Conservative,0.20309633173931463
2015-11-03,Conservative,0.20507376843842007
2015-11-04,Conservative,0.20228506969527404
2015-11-05,Conservative,0.20275660298083986
2015-11-06,Conservative,0.18952041720077029
2015-11-09,Conservative,0.1848645311912922
2015-11-10,Conservative,0.18823428520616803
2015-11-11,Conservative,0.19237680059235207
2015-11-12,Conservative,0.17484727850237358
2015-11-13,Conservative,0.16548119504760628
2015-11-16,Conservative,0.1832585213031379
2015-11-17,Conservative,0.18004427936856682
2015-11-18,Conservative,0.1956142631366773
2015-11-19,Conservative,0.20049221197388278
2015-11-20,Conservative,0.1996023922282364
2015-11-23,Conservative,0.19651277742796447
2015-11-24,Conservative,0.1978757502408508
2015-11-25,Conservative,0.19892391763056327
2015-11-27,Conservative,0.1973125746980653
2015-11-30,Conservative,0.19228424673317535
2015-12-01,Conservative,0.2028681148217819
2015-12-02,Conservative,0.188313898866735
2015-12-03,Conservative,0.18113619105609757
2015-12-04,Conservative,0.2044959107245412
2015-12-07,Conservative,0.2069377413611142
2015-12-08,Conservative,0.2006040997294336
2015-12-09,Conservative,0.19431575987596483
2015-12-10,Conservative,0.19350509245654957
2015-12-11,Conservative,0.18185968324643387
2015-12-14,Conservative,0.19094897904120978
2015-12-15,Conservative,0.19930097095344168
2015-12-16,Conservative,0.21627950344834135
2015-12-17,Conservative,0.20722200255078582
2015-12-18,Conservative,0.19087475192647663
2015-12-21,Conservative,0.19834459986182762
2015-12-22,Conservative,0.20641885991247633
2015-12-23,Conservative,0.21877226317685072
2015-12-24,Conservative,0.21682023257463756
2015-12-28,Conservative,0.2158976999265516
2015-12-29,Conservative,0.22557440855660738
2015-12-30,Conservative,0.22083734288457846
2015-12-31,Conservative,0.20768237483889118
2016-01-04,Conservative,0.20045960395426277
2016-01-05,Conservative,0.20772698885595586
2016-01-06,Conservative,0.20002678057025225
2016-01-07,Conservative,0.18339215062219294
2016-01-08,Conservative,0.17522465190344505
2016-01-11,Conservative,0.18134604458055148
2016-01-12,Conservative,0.18372002154488842
2016-01-13,Conservative,0.17122630639631753
2016-01-14,Conservative,0.1860020719042199
2016-01-15,Conservative,0.17105478532587792
2016-01-19,Conservative,0.18336123711754548
2016-01-20,Conservative,0.16518543473230496
2016-01-21,Conservative,0.17116821318409348
2016-01-22,Conservative,0.1877591314766922
2016-01-25,Conservative,0.18475035610342116
2016-01-26,Conservative,0.19843561893985373
2016-01-27,Conservative,0.1946999703524921
2016-01-28,Conservative,0.2037931945403424
2016-01-29,Conservative,0.22526517720144268
2016-02-01,Conservative,0.2308556670568831
2016-02-02,Conservative,0.21957626403495012
2016-02-03,Conservative,0.21756454841336548
2016-02-04,Conservative,0.21386885532055566
2016-02-05,Conservative,0.20182932794142827
2016-02-08,Conservative,0.20556487298525106
2016-02-09,Conservative,0.20970853798972544
2016-02-10,Conservative,0.2055106568989915
2016-02-11,Conservative,0.19252138296752697
2016-02-12,Conservative,0.20297570860814096
2016-02-16,Conservative,0.21241144050165994
2016-02-17,Conservative,0.21494153373774982
2016-02-18,Conservative,0.21701954431697867
2016-02-19,Conservative,0.2133111141605717
2016-02-22,Conservative,0.22535896289494728
2016-02-23,Conservative,0.2200869527562499
2016-02-24,Conservative,0.22393038028022527
2016-02-25,Conservative,0.23605341411557257
2016-02-26,Conservative,0.21928992280116444
2016-02-29,Conservative,0.21437840660149732
2016-03-01,Conservative,0.22554327189819667
2016-03-02,Conservative,0.22860496503026373
2016-03-03,Conservative,0.23001935539003426
2016-03-04,Conservative,0.23535604796777498
2016-03-07,Conservative,0.23718930299738727
2016-03-08,Conservative,0.23984435435747264
2016-03-09,Conservative,0.24579955971602652
2016-03-10,Conservative,0.24980855012575187
2016-03-11,Conservative,0.2580865555647647
2016-03-14,Conservative,0.25970857194898866
2016-03-15,Conservative,0.2638384119407684
2016-03-16,Conservative,0.26490522770720126
2016-03-17,Conservative,0.2706623205720775
2016-03-18,Conservative,0.2703360550030094
2016-03-21,Conservative,0.27257949869661435
2016-03-22,Conservative,0.2706163067800984
2016-03-23,Conservative,0.27211169135566227
2016-03-24,Conservative,0.2736256827652812
2016-03-28,Conservative,0.2729781213972342
2016-03-29,Conservative,0.2834379869531931
2016-03-30,Conservative,0.290145630746109
2016-03-31,Conservative,0.2885626519352742
2016-04-01,Conservative,0.29565704738565723
2016-04-04,Conservative,0.298079032949637
2016-04-05,Conservative,0.2894081210134716
2016-04-06,Conservative,0.2943227107312958
2016-04-07,Conservative,0.2899517486091918
2016-04-08,Conservative,0.2918223869199268
2016-04-11,Conservative,0.28525535214772546
2016-04-12,Conservative,0.29414012755759744
2016-04-13,Conservative,0.2925374873468156
2016-04-14,Conservative,0.29318785547217674
2016-04-15,Conservative,0.2949086407160699
2016-04-18,Conservative,0.30121307766166816
2016-04-19,Conservative,0.3072124581388238
2016-04-20,Conservative,0.2945694638022338
2016-04-21,Conservative,0.27738872485978394
2016-04-22,Conservative,0.28394524887137207
2016-04-25,Conservative,0.2886783870386944
2016-04-26,Conservative,0.28630400224038843
2016-04-27,Conservative,0.28874377000815876
2016-04-28,Conservative,0.2859706472102821
2016-04-29,Conservative,0.28120944152744776
2016-05-02,Conservative,0.28993872401363596
2016-05-03,Conservative,0.29086598278166087
2016-05-04,Conservative,0.29516215552019953
2016-05-05,Conservative,0.29217771567341777
2016-05-06,Conservative,0.2916809525691064
2016-05-09,Conservative,0.2956231218281873
2016-05-10,Conservative,0.305522375050989
2016-05-11,Conservative,0.29281311088369133
2016-05-12,Conservative,0.2947712146926931
2016-05-13,Conservative,0.2824669093753871
2016-05-16,Conservative,0.2909738783757907
2016-05-17,Conservative,0.2754029535597051
2016-05-18,Conservative,0.2615890005456931
2016-05-19,Conservative,0.2708330399721046
2016-05-20,Conservative,0.26809825962310563
2016-05-23,Conservative,0.2643355149416713
2016-05-24,Conservative,0.2753664456991254
2016-05-25,Conservative,0.27909912997819375
2016-05-26,Conservative,0.28604625654857485
2016-05-27,Conservative,0.2871108970259044
2016-05-31,Conservative,0.2852275718982571
2016-06-01,Conservative,0.28431848610594224
2016-06-02,Conservative,0.28470714142517983
2016-06-03,Conservative,0.2912760720227847
2016-06-06,Conservative,0.29632931880573965
2016-06-07,Conservative,0.2975095727456387
2016-06-08,Conservative,0.30296785956409833
2016-06-09,Conservative,0.3091212444098568
2016-06-10,Conservative,0.3090325588519498
2016-06-13,Conservative,0.3026388891511833
2016-06-14,Conservative,0.3064825078078006
2016-06-15,Conservative,0.30183253047478265
2016-06-16,Conservative,0.3074328510926978
2016-06-17,Conservative,0.30259208946135097
2016-06-20,Conservative,0.3062799844222046
2016-06-21,Conservative,0.308272362723508
2016-06-22,Conservative,0.3039769247390731
2016-06-23,Conservative,0.3127551203607859
2016-06-24,Conservative,0.29419933120134845
2016-06-27,Conservative,0.2927454745149727
2016-06-28,Conservative,0.30502142637582996
2016-06-29,Conservative,0.31593865010632793
2016-06-30,Conservative,0.33767614032455695
2016-07-01,Conservative,0.33952846927659075
2016-07-05,Conservative,0.34428499179194305
2016-07-06,Conservative,0.3463096586327872
2016-07-07,Conservative,0.3395851049885923
2016-07-08,Conservative,0.3490853488890744
2016-07-11,Conservative,0.350054881154803
2016-07-12,Conservative,0.3451402467253051
2016-07-13,Conservative,0.3501792618391746
2016-07-14,Conservative,0.358263635772917
2016-07-15,Conservative,0.35767938854642556
2016-07-18,Conservative,0.35875874583491263
2016-07-19,Conservative,0.3641773123880232
2016-07-20,Conservative,0.36057714437782784
2016-07-21,Conservative,0.362958910690901
2016-07-22,Conservative,0.3710691693235262
2016-07-25,Conservative,0.3662655840501685
2016-07-26,Conservative,0.35190696839221447
2016-07-27,Conservative,0.34338749267273116
2016-07-28,Conservative,0.3423441666918119
2016-07-29,Conservative,0.34387663002734725
2016-08-01,Conservative,0.3457548709255833
2016-08-02,Conservative,0.3389892952823803
2016-08-03,Conservative,0.3347384828584681
2016-08-04,Conservative,0.33596334573509967
2016-08-05,Conservative,0.338409972951931
2016-08-08,Conservative,0.3348442193483081
2016-08-09,Conservative,0.33747324023311
2016-08-10,Conservative,0.33874065265986775
2016-08-11,Conservative,0.33812532671475193
2016-08-12,Conservative,0.33821593983496756
2016-08-15,Conservative,0.33140602402640895
2016-08-16,Conservative,0.3193677523005727
2016-08-17,Conservative,0.3241205224536543
2016-08-18,Conservative,0.3291581829381154
2016-08-19,Conservative,0.3185768079313802
2016-08-22,Conservative,0.31682229711143894
2016-08-23,Conservative,0.3152954259602174
2016-08-24,Conservative,0.3137491890267954
2016-08-25,Conservative,0.3126026816856411
2016-08-26,Conservative,0.30362800156819314
2016-08-29,Conservative,0.31109322764837266
2016-08-30,Conservative,0.30551766311597506
2016-08-31,Conservative,0.30721430751756396
2016-09-01,Conservative,0.3077630740231547
2016-09-02,Conservative,0.31463243526082985
2016-09-06,Conservative,0.3206553400857215
2016-09-07,Conservative,0.3184140039949066
2016-09-08,Conservative,0.31661294443159305
2016-09-09,Conservative,0.2848480542879417
2016-09-12,Conservative,0.3076357814297459
2016-09-13,Conservative,0.2914071273625878
2016-09-14,Conservative,0.29352826707553414
2016-09-15,Conservative,0.30359777278369915
2016-09-16,Conservative,0.3026857384011796
2016-09-19,Conservative,0.3018850072723629
2016-09-20,Conservative,0.3035341564792646
2016-09-21,Conservative,0.31660718488392936
2016-09-22,Conservative,0.3240599035838958
2016-09-23,Conservative,0.32166006296078353
2016-09-26,Conservative,0.3115460557308043
2016-09-27,Conservative,0.3157180030984801
2016-09-28,Conservative,0.31155636702686973
2016-09-29,Conservative,0.29980792255468036
2016-09-30,Conservative,0.3042682379064954
2016-10-03,Conservative,0.2978546216713207
2016-10-04,Conservative,0.28613665461856064
2016-10-05,Conservative,0.2820189749153954
2016-10-06,Conservative,0.27861921710565807
2016-10-07,Conservative,0.27405345814135074
2016-10-10,Conservative,0.28144213226965986
2016-10-11,Conservative,0.27177646757281004
2016-10-12,Conservative,0.27893978999352176
2016-10-13,Conservative,0.2835530085374467
2016-10-14,Conservative,0.28060485578309824
2016-10-17,Conservative,0.27867303776605734
2016-10-18,Conservative,0.2817706891451852
2016-10-19,Conservative,0.2797535334418275
2016-10-20,Conservative,0.2755892822192847
2016-10-21,Conservative,0.2737169095928971
2016-10-24,Conservative,0.2778184181611689
2016-10-25,Conservative,0.276011450030059
2016-10-26,Conservative,0.2741756577848078
2016-10-27,Conservative,0.2730891520784058
2016-10-28,Conservative,0.270446682891063
2016-10-31,Conservative,0.27592438540074293
2016-11-01,Conservative,0.26262568617284376
2016-11-02,Conservative,0.2581802072530168
2016-11-03,Conservative,0.2566589183866128
2016-11-04,Conservative,0.2511211363644348
2016-11-07,Conservative,0.26895543050602
2016-11-08,Conservative,0.2748443712394939
2016-11-09,Conservative,0.27767655573230754
2016-11-10,Conservative,0.264614352109416
2016-11-11,Conservative,0.2618235618389786
2016-11-14,Conservative,0.26076508703401036
2016-11-15,Conservative,0.27168723838322895
2016-11-16,Conservative,0.27361125729757396
2016-11-17,Conservative,0.2662241895671289
2016-11-18,Conservative,0.2615019380053356
2016-11-21,Conservative,0.2685181059474411
2016-11-22,Conservative,0.27168734772931824
2016-11-23,Conservative,0.2712470615018021
2016-11-25,Conservative,0.28157724884780655
2016-11-28,Conservative,0.286558321233239
2016-11-29,Conservative,0.28458178502286646
2016-11-30,Conservative,0.2653355852585091
2016-12-01,Conservative,0.2610291205205939
2016-12-02,Conservative,0.2638098086096732
2016-12-05,Conservative,0.26560199391555983
2016-12-06,Conservative,0.2703986279601529
2016-12-07,Conservative,0.28097099330593145
2016-12-08,Conservative,0.2818321141058855
2016-12-09,Conservative,0.29593220924521835
2016-12-12,Conservative,0.3102267031213397
2016-12-13,Conservative,0.3189890686277663
2016-12-14,Conservative,0.3085309468447732
2016-12-15,Conservative,0.31175659786149534
2016-12-16,Conservative,0.31828093448527706
2016-12-19,Conservative,0.3211532928524683
2016-12-20,Conservative,0.32372495709429905
2016-12-21,Conservative,0.3203546740339298
2016-12-22,Conservative,0.3212945651217183
2016-12-23,Conservative,0.32115397125732437
2016-12-27,Conservative,0.3213877778097627
2016-12-28,Conservative,0.31388671883240327
2016-12-29,Conservative,0.3188404939511098
2016-12-30,Conservative,0.31380112124692405
2017-01-03,Conservative,0.31590763105723996
2017-01-04,Conservative,0.3162165789516582
2017-01-05,Conservative,0.31865267329639635
2017-01-06,Conservative,0.31455269777755457
2017-01-09,Conservative,0.3072191456546085
2017-01-10,Conservative,0.3030030014370182
2017-01-11,Conservative,0.3044946683918255
2017-01-12,Conservative,0.3059625212202246
2017-01-13,Conservative,0.30196583028842694
2017-01-17,Conservative,0.31111496451871723
2017-01-18,Conservative,0.3095340272048921
2017-01-19,Conservative,0.3025145108168925
2017-01-20,Conservative,0.30526859884480295
2017-01-23,Conservative,0.3020947389561641
2017-01-24,Conservative,0.2984933319206633
2017-01-25,Conservative,0.3020143652600642
2017-01-26,Conservative,0.30178620783997334
2017-01-27,Conservative,0.3020429554827344
2017-01-30,Conservative,0.3025339223468049
2017-01-31,Conservative,0.3084954074688233
2017-02-01,Conservative,0.3040241357396125
2017-02-02,Conservative,0.30684991383580695
2017-02-03,Conservative,0.3108805906204706
2017-02-06,Conservative,0.30948277855520323
2017-02-07,Conservative,0.3121173700418829
2017-02-08,Conservative,0.31679370251463523
2017-02-09,Conservative,0.31694219304962057
2017-02-10,Conservative,0.3181653098143826
2017-02-13,Conservative,0.320024363591082
2017-02-14,Conservative,0.32084809266710157
2017-02-15,Conservative,0.3242654513569625
2017-02-16,Conservative,0.3299314769711297
2017-02-17,Conservative,0.3297192794024091
2017-02-21,Conservative,0.3401930524116876
2017-02-22,Conservative,0.344701387717264
2017-02-23,Conservative,0.3535593433765125
2017-02-24,Conservative,0.3635925029569764
2017-02-27,Conservative,0.357009476031392
2017-02-28,Conservative,0.360865050194765
2017-03-01,Conservative,0.3650772474503057
2017-03-02,Conservative,0.3666892265835642
2017-03-03,Conservative,0.3662213502867213
2017-03-06,Conservative,0.3626518509275489
2017-03-07,Conservative,0.36111401465697646
2017-03-08,Conservative,0.3557316784879534
2017-03-09,Conservative,0.3566828715032233
2017-03-10,Conservative,0.3615889529238703
2017-03-13,Conservative,0.360987265585329
2017-03-14,Conservative,0.3620391950829902
2017-03-15,Conservative,0.3743096284950167
2017-03-16,Conservative,0.3706120258495058
2017-03-17,Conservative,0.37276432109910407
2017-03-20,Conservative,0.37149381423063854
2017-03-21,Conservative,0.3718152861514068
2017-03-22,Conservative,0.37070700966750825
2017-03-23,Conservative,0.3662027441379505
2017-03-24,Conservative,0.36538657859458223
2017-03-27,Conservative,0.3648685300739505
2017-03-28,Conservative,0.3681012662764769
2017-03-29,Conservative,0.36595674067501704
2017-03-30,Conservative,0.3689160248898582
2017-03-31,Conservative,0.36743268096520865
2017-04-03,Conservative,0.3687706568166984
2017-04-04,Conservative,0.37091263442010347
2017-04-05,Conservative,0.3725852327090853
2017-04-06,Conservative,0.36731716925509783
2017-04-07,Conservative,0.3659346076532388
2017-04-10,Conservative,0.36521730330166813
2017-04-11,Conservative,0.3639101021142708
2017-04-12,Conservative,0.3698244340164376
2017-04-13,Conservative,0.36326158081353754
2017-04-17,Conservative,0.3706355626686093
2017-04-18,Conservative,0.3721797802197093
2017-04-19,Conservative,0.36862991291929026
2017-04-20,Conservative,0.37326484452916353
2017-04-21,Conservative,0.371244138816895
2017-04-24,Conservative,0.3777997250662326
2017-04-25,Conservative,0.38962357698228844
2017-04-26,Conservative,0.38918941719987066
2017-04-27,Conservative,0.3869162462737088
2017-04-28,Conservative,0.3830389096744553
2017-05-01,Conservative,0.3817921332392058
2017-05-02,Conservative,0.3822333916618925
2017-05-03,Conservative,0.3805743987763628
2017-05-04,Conservative,0.3851097207184013
2017-05-05,Conservative,0.3913670082190519
2017-05-08,Conservative,0.3931867840385057
2017-05-09,Conservative,0.3906050620498849
2017-05-10,Conservative,0.3882949915276881
2017-05-11,Conservative,0.38799713421122406
2017-05-12,Conservative,0.3897123200235213
2017-05-15,Conservative,0.39620988922865985
2017-05-16,Conservative,0.3888608950501524
2017-05-17,Conservative,0.37978763788173464
2017-05-18,Conservative,0.3881179915170798
2017-05-19,Conservative,0.3952654005720637
2017-05-22,Conservative,0.398407026867986
2017-05-23,Conservative,0.3998077338868009
2017-05-24,Conservative,0.4045133554641107
2017-05-25,Conservative,0.40907583451059737
2017-05-26,Conservative,0.4083711280042883
2017-05-30,Conservative,0.41103307616155904
2017-05-31,Conservative,0.4138018627619955
2017-06-01,Conservative,0.4235221660377033
2017-06-02,Conservative,0.426735384871604
2017-06-05,Conservative,0.4242620272852702
2017-06-06,Conservative,0.41988677321609735
2017-06-07,Conservative,0.421258283400088
2017-06-08,Conservative,0.4138762886001548
2017-06-09,Conservative,0.4197407069544654
2017-06-12,Conservative,0.41820926397802527
2017-06-13,Conservative,0.41943833240149764
2017-06-14,Conservative,0.4241059724899572
2017-06-15,Conservative,0.4266667209963291
2017-06-16,Conservative,0.4237397293856928
2017-06-19,Conservative,0.4276879815681569
2017-06-20,Conservative,0.4294169488309052
2017-06-21,Conservative,0.42484349049037284
2017-06-22,Conservative,0.41944677847194156
2017-06-23,Conservative,0.41687073279379705
2017-06-26,Conservative,0.41988447602379275
2017-06-27,Conservative,0.4085846785629681
2017-06-28,Conservative,0.41166749371429945
2017-06-29,Conservative,0.39738711267998994
2017-06-30,Conservative,0.3953895825489533
2017-07-03,Conservative,0.39696908567020794
2017-07-05,Conservative,0.39541537048645004
2017-07-06,Conservative,0.38519303517321335
2017-07-07,Conservative,0.3896971151487283
2017-07-10,Conservative,0.38381142941361057
2017-07-11,Conservative,0.38130475362607874
2017-07-12,Conservative,0.38946985238129295
2017-07-13,Conservative,0.3848975817119833
2017-07-14,Conservative,0.3915435575889801
2017-07-17,Conservative,0.38966641636100396
2017-07-18,Conservative,0.38928019295703176
2017-07-19,Conservative,0.3935817015741574
2017-07-20,Conservative,0.39745289267314354
2017-07-21,Conservative,0.39972625602250655
2017-07-24,Conservative,0.38998406839255373
2017-07-25,Conservative,0.3967312787190813
2017-07-26,Conservative,0.40556451236833513
2017-07-27,Conservative,0.41794022439320644
2017-07-28,Conservative,0.41278243418856264
2017-07-31,Conservative,0.4155450788604085
2017-08-01,Conservative,0.42482318894094884
2017-08-02,Conservative,0.4289349579729067
2017-08-03,Conservative,0.42852079561480605
2017-08-04,Conservative,0.4244968781443281
2017-08-07,Conservative,0.42822859602881636
2017-08-08,Conservative,0.4283295984543678
2017-08-09,Conservative,0.42632780671804094
2017-08-10,Conservative,0.4216492856780578
2017-08-11,Conservative,0.41906611971312935
2017-08-14,Conservative,0.4263282153595207
2017-08-15,Conservative,0.43053261882685434
2017-08-16,Conservative,0.43261765513802297
2017-08-17,Conservative,0.4139188020628868
2017-08-18,Conservative,0.4115740943267685
2017-08-21,Conservative,0.4151577035921561
2017-08-22,Conservative,0.4191882620120193
2017-08-23,Conservative,0.4172558922551395
2017-08-24,Conservative,0.41250372301696814
2017-08-25,Conservative,0.4168294074657506
2017-08-28,Conservative,0.4174929475389393
2017-08-29,Conservative,0.4182496093125212
2017-08-30,Conservative,0.41599388194568054
2017-08-31,Conservative,0.419205050509607
2017-09-01,Conservative,0.42026941035814813
2017-09-05,Conservative,0.42232811881145116
2017-09-06,Conservative,0.42282061458014764
2017-09-07,Conservative,0.4248790327558949
2017-09-08,Conservative,0.42127361823555587
2017-09-11,Conservative,0.4328220906827547
2017-09-12,Conservative,0.42631828741016853
2017-09-13,Conservative,0.42730094783227557
2017-09-14,Conservative,0.4325915279848642
2017-09-15,Conservative,0.4386807767492509
2017-09-18,Conservative,0.436695306153551
2017-09-19,Conservative,0.43814232525426955
2017-09-20,Conservative,0.4378381702712366
2017-09-21,Conservative,0.43017651620051356
2017-09-22,Conservative,0.42631287567239684
2017-09-25,Conservative,0.42534672671276663
2017-09-26,Conservative,0.418689389088267
2017-09-27,Conservative,0.4149603443217893
2017-09-28,Conservative,0.4231092763030029
2017-09-29,Conservative,0.42378485593039406
2017-10-02,Conservative,0.4253237415207527
2017-10-03,Conservative,0.4289165683939671
2017-10-04,Conservative,0.4320933611832478
2017-10-05,Conservative,0.4379369315994044
2017-10-06,Conservative,0.4363000361435876
2017-10-09,Conservative,0.43700834846942604
2017-10-10,Conservative,0.4494225079883769
2017-10-11,Conservative,0.4579045550021781
2017-10-12,Conservative,0.452303973295781
2017-10-13,Conservative,0.4557414784219458
2017-10-16,Conservative,0.4609540428875851
2017-10-17,Conservative,0.4663272486872321
2017-10-18,Conservative,0.46430302620634456
2017-10-19,Conservative,0.4726166108655674
2017-10-20,Conservative,0.4758655750380065
2017-10-23,Conservative,0.4710399365631097
2017-10-24,Conservative,0.4701646256302019
2017-10-25,Conservative,0.4629060603375721
2017-10-26,Conservative,0.46314898057644127
2017-10-27,Conservative,0.4672836108743015
2017-10-30,Conservative,0.4605163232385221
2017-10-31,Conservative,0.4633128910412776
2017-11-01,Conservative,0.4623371851296296
2017-11-02,Conservative,0.4720458958718332
2017-11-03,Conservative,0.472566861574943
2017-11-06,Conservative,0.46381348718125204
2017-11-07,Conservative,0.46950201675950076
2017-11-08,Conservative,0.4744833180615269
2017-11-09,Conservative,0.473221691721996
2017-11-10,Conservative,0.4708008549935032
2017-11-13,Conservative,0.4760042075956008
2017-11-14,Conservative,0.4782460993192763
2017-11-15,Conservative,0.4703746960591275
2017-11-16,Conservative,0.48569928024985964
2017-11-17,Conservative,0.4713710628649994
2017-11-20,Conservative,0.47315264287170833
2017-11-21,Conservative,0.4781563767412842
2017-11-22,Conservative,0.4805493929961304
2017-11-24,Conservative,0.4825748238458094
2017-11-27,Conservative,0.4832971814775784
2017-11-28,Conservative,0.49435326547642955
2017-11-29,Conservative,0.49774224730057237
2017-11-30,Conservative,0.5028328237928208
2017-12-01,Conservative,0.5043148183541133
2017-12-04,Conservative,0.501068839351632
2017-12-05,Conservative,0.498795969446008
2017-12-06,Conservative,0.5012837981961875
2017-12-07,Conservative,0.49855517332796895
2017-12-08,Conservative,0.498978448555764
2017-12-11,Conservative,0.5093759044783153
2017-12-12,Conservative,0.511458258414927
2017-12-13,Conservative,0.5199649536949196
2017-12-14,Conservative,0.5160652477932108
2017-12-15,Conservative,0.5236961144030885
2017-12-18,Conservative,0.519529969556277
2017-12-19,Conservative,0.5123826424930458
2017-12-20,Conservative,0.5104618038316084
2017-12-21,Conservative,0.5055202251607627
2017-12-22,Conservative,0.49814904608233124
2017-12-26,Conservative,0.49535056240586495
2017-12-27,Conservative,0.4979408866499222
2017-12-28,Conservative,0.5011653955087785
2017-12-29,Conservative,0.4954379980069543
2018-01-02,Conservative,0.4922348318126528
2018-01-03,Conservative,0.48954928515026186
2018-01-04,Conservative,0.4951001334248126
2018-01-05,Conservative,0.4996087831078788
2018-01-08,Conservative,0.5004576572140134
2018-01-09,Conservative,0.494511188559956
2018-01-10,Conservative,0.4851905639407248
2018-01-11,Conservative,0.4823265526816354
2018-01-12,Conservative,0.48550648575474487
2018-01-16,Conservative,0.4843078837937227
2018-01-17,Conservative,0.49665634156568195
2018-01-18,Conservative,0.49557635519104837
2018-01-19,Conservative,0.49598016165689773
2018-01-22,Conservative,0.4996446669209247
2018-01-23,Conservative,0.49806447269585363
2018-01-24,Conservative,0.49433941483416377
2018-01-25,Conservative,0.5018490914676355
2018-01-26,Conservative,0.5166922672380176
2018-01-29,Conservative,0.504525035769589
2018-01-30,Conservative,0.4941293655674981
2018-01-31,Conservative,0.4900225837188479
2018-02-01,Conservative,0.49172825155700695
2018-02-02,Conservative,0.4689077083109432
2018-02-05,Conservative,0.41843709610135593
2018-02-06,Conservative,0.4258275868173642
2018-02-07,Conservative,0.4235757805523894
2013-02-11,Moderate,-0.008405746820313365
2013-02-12,Moderate,-0.006710065991100467
2013-02-13,Moderate,-0.006851646789590493
2013-02-14,Moderate,-0.0075196571878685114
2013-02-15,Moderate,-0.005600373939426251
2013-02-19,Moderate,-0.004069023232066038
2013-02-20,Moderate,-0.013411924686647758
2013-02-21,Moderate,-0.011766299290145499
2013-02-22,Moderate,-0.010965098310731225
2013-02-25,Moderate,-0.0268224868230309
2013-02-26,Moderate,-0.023740474175866777
2013-02-27,Moderate,-0.008377076138385786
2013-02-28,Moderate,-0.011778528086441864
2013-03-01,Moderate,-0.007721657116020464
2013-03-04,Moderate,-0.0037594164670661234
2013-03-05,Moderate,0.00828688174298664
2013-03-06,Moderate,0.009200080865458649
2013-03-07,Moderate,0.01748669613593057
2013-03-08,Moderate,0.019928013811502332
2013-03-11,Moderate,0.02543867807418665
2013-03-12,Moderate,0.03267826733123669
2013-03-13,Moderate,0.034248116363684744
2013-03-14,Moderate,0.032371117234806235
2013-03-15,Moderate,0.03532142753487477
2013-03-18,Moderate,0.028550193437472338
2013-03-19,Moderate,0.02841973719339963
2013-03-20,Moderate,0.033490580818809734
2013-03-21,Moderate,0.027600358564246585
2013-03-22,Moderate,0.035017016489836905
2013-03-25,Moderate,0.03226242456986439
2013-03-26,Moderate,0.046012116131509906
2013-03-27,Moderate,0.05095833520771831
2013-03-28,Moderate,0.05870650274702127
2013-04-01,Moderate,0.062009085708421674
2013-04-02,Moderate,0.0763937826968264
2013-04-03,Moderate,0.07204464004525302
2013-04-04,Moderate,0.07904398809332869
2013-04-05,Moderate,0.07822701344961014
2013-04-08,Moderate,0.08295448749264134
2013-04-09,Moderate,0.08892976660105711
2013-04-10,Moderate,0.09857803542846799
2013-04-11,Moderate,0.10630857518198278
2013-04-12,Moderate,0.1090155522797176
2013-04-15,Moderate,0.08861618200125032
2013-04-16,Moderate,0.10153938865456524
2013-04-17,Moderate,0.09157064198437559
2013-04-18,Moderate,0.07565450507026239
2013-04-19,Moderate,0.08614792079203903
2013-04-22,Moderate,0.08164939820040962
2013-04-23,Moderate,0.08745710827777642
2013-04-24,Moderate,0.0967267984283866
2013-04-25,Moderate,0.10468375349668402
2013-04-26,Moderate,0.09815706629174348
2013-04-29,Moderate,0.09827978418513483
2013-04-30,Moderate,0.09950005038227738
2013-05-01,Moderate,0.0924647931403586
2013-05-02,Moderate,0.10214281285556903
2013-05-03,Moderate,0.11345426687200688
2013-05-06,Moderate,0.11757973576179892
2013-05-07,Moderate,0.11931776625360979
2013-05-08,Moderate,0.1250867890172651
2013-05-09,Moderate,0.11960779141358868
2013-05-10,Moderate,0.12560235386289276
2013-05-13,Moderate,0.12417722445116808
2013-05-14,Moderate,0.13007198645765716
2013-05-15,Moderate,0.13731586958707664
2013-05-16,Moderate,0.1345152157456524
2013-05-17,Moderate,0.14895507918839646
2013-05-20,Moderate,0.14396537048475544
2013-05-21,Moderate,0.1455387352256805
2013-05-22,Moderate,0.13349842798911693
2013-05-23,Moderate,0.13465835369999346
2013-05-24,Moderate,0.13258252130180925
2013-05-28,Moderate,0.14581539023310852
2013-05-29,Moderate,0.13748725361651437
2013-05-30,Moderate,0.149465590834563
2013-05-31,Moderate,0.13409606944299912
2013-06-03,Moderate,0.14344613258017813
2013-06-04,Moderate,0.14068651612060212
2013-06-05,Moderate,0.13020609669773564
2013-06-06,Moderate,0.13481235112129109
2013-06-07,Moderate,0.15628748159297334
2013-06-10,Moderate,0.16378183841244742
2013-06-11,Moderate,0.15459217027883865
2013-06-12,Moderate,0.14774860315815075
2013-06-13,Moderate,0.1583317495759533
2013-06-14,Moderate,0.15248846892686374
2013-06-17,Moderate,0.1644717855289941
2013-06-18,Moderate,0.17663751514852244
2013-06-19,Moderate,0.17338900019660652
2013-06-20,Moderate,0.14683036993195553
2013-06-21,Moderate,0.14973069545215711
2013-06-24,Moderate,0.1411064320317117
2013-06-25,Moderate,0.1432025110686843
2013-06-26,Moderate,0.1655340901326301
2013-06-27,Moderate,0.1811349122900987
2013-06-28,Moderate,0.1738859988704602
2013-07-01,Moderate,0.1820266547115843
2013-07-02,Moderate,0.17424099874279242
2013-07-03,Moderate,0.18084853703406178
2013-07-05,Moderate,0.19172139953424439
2013-07-08,Moderate,0.20127595478065796
2013-07-09,Moderate,0.20887012032600838
2013-07-10,Moderate,0.2109097317998696
2013-07-11,Moderate,0.22835259340210978
2013-07-12,Moderate,0.2186492685301864
2013-07-15,Moderate,0.22655693605529148
2013-07-16,Moderate,0.2161161266550411
2013-07-17,Moderate,0.21755456756869784
2013-07-18,Moderate,0.24688036357846332
2013-07-19,Moderate,0.24420001169900507
2013-07-22,Moderate,0.24591700338062816
2013-07-23,Moderate,0.24806487052257253
2013-07-24,Moderate,0.24223608237649064
2013-07-25,Moderate,0.24392240077898553
2013-07-26,Moderate,0.24312125390201555
2013-07-29,Moderate,0.23863576651089335
2013-07-30,Moderate,0.23883224151807902
2013-07-31,Moderate,0.23716902405813545
2013-08-01,Moderate,0.24856593179747954
2013-08-02,Moderate,0.246841897052416
2013-08-05,Moderate,0.24966476989217434
2013-08-06,Moderate,0.24661252739713246
2013-08-07,Moderate,0.24085906187333683
2013-08-08,Moderate,0.24276783200505503
2013-08-09,Moderate,0.23844482389699917
2013-08-12,Moderate,0.23194013800609325
2013-08-13,Moderate,0.23872786310978844
2013-08-14,Moderate,0.22521761289220477
2013-08-15,Moderate,0.20579317108393447
2013-08-16,Moderate,0.2043669150364642
2013-08-19,Moderate,0.20798891386048712
2013-08-20,Moderate,0.2119916569664697
2013-08-21,Moderate,0.20333200726286682
2013-08-22,Moderate,0.21414880032716188
2013-08-23,Moderate,0.22157232657054338
2013-08-26,Moderate,0.2194787961459923
2013-08-27,Moderate,0.20125893379658377
2013-08-28,Moderate,0.20322695107558264
2013-08-29,Moderate,0.21432847462691784
2013-08-30,Moderate,0.20635132289721425
2013-09-03,Moderate,0.2156967832561998
2013-09-04,Moderate,0.22887031583801054
2013-09-05,Moderate,0.2323063409064683
2013-09-06,Moderate,0.23287274531808855
2013-09-09,Moderate,0.24218522331854309
2013-09-10,Moderate,0.25181465611697806
2013-09-11,Moderate,0.2597578756468273
2013-09-12,Moderate,0.2563265024661472
2013-09-13,Moderate,0.26082974482185106
2013-09-16,Moderate,0.27730081225774983
2013-09-17,Moderate,0.2829994248474508
2013-09-18,Moderate,0.3048052802472825
2013-09-19,Moderate,0.2922983928621301
2013-09-20,Moderate,0.28504693433389994
2013-09-23,Moderate,0.28948953797903143
2013-09-24,Moderate,0.29488286842939426
2013-09-25,Moderate,0.2920601795147524
2013-09-26,Moderate,0.30012644521987375
2013-09-27,Moderate,0.2954858652669501
2013-09-30,Moderate,0.28636101822962856
2013-10-01,Moderate,0.29802170775119596
2013-10-02,Moderate,0.29389820429698155
2013-10-03,Moderate,0.28071290685431793
2013-10-04,Moderate,0.2933785147640773
2013-10-07,Moderate,0.27916605127486904
2013-10-08,Moderate,0.26313255467507957
2013-10-09,Moderate,0.25779150288094677
2013-10-10,Moderate,0.2956490651257857
2013-10-11,Moderate,0.30285851449664847
2013-10-14,Moderate,0.3115381628485736
2013-10-15,Moderate,0.29726935495202134
2013-10-16,Moderate,0.31528736250292755
2013-10-17,Moderate,0.30564603765120313
2013-10-18,Moderate,0.30465364779830306
2013-10-21,Moderate,0.29862163828910404
2013-10-22,Moderate,0.30914042748926196
2013-10-23,Moderate,0.31625919669420677
2013-10-24,Moderate,0.32023193116616544
2013-10-25,Moderate,0.34267263674004655
2013-10-28,Moderate,0.33644531579056625
2013-10-29,Moderate,0.3489519375059271
2013-10-30,Moderate,0.34404091213717014
2013-10-31,Moderate,0.34921936225990535
2013-11-01,Moderate,0.3582049720627958
2013-11-04,Moderate,0.36261830253615135
2013-11-05,Moderate,0.3625500496764922
2013-11-06,Moderate,0.37454494542766437
2013-11-07,Moderate,0.35263756481368924
2013-11-08,Moderate,0.3722188873763126
2013-11-11,Moderate,0.3756969797792109
2013-11-12,Moderate,0.3712424978315385
2013-11-13,Moderate,0.3882923032641339
2013-11-14,Moderate,0.39948568818780106
2013-11-15,Moderate,0.4042639132156858
2013-11-18,Moderate,0.40487332003723364
2013-11-19,Moderate,0.3965904099154445
2013-11-20,Moderate,0.38626871445925537
2013-11-21,Moderate,0.39788731144068556
2013-11-22,Moderate,0.41318776677925495
2013-11-25,Moderate,0.41158253272865686
2013-11-26,Moderate,0.41770745503064055
2013-11-27,Moderate,0.41986620208918457
2013-11-29,Moderate,0.42273021459165716
2013-12-02,Moderate,0.41508018124051715
2013-12-03,Moderate,0.40219580111649744
2013-12-04,Moderate,0.3983878189159178
2013-12-05,Moderate,0.39060398871036384
2013-12-06,Moderate,0.4082233102455628
2013-12-09,Moderate,0.4054338181428274
2013-12-10,Moderate,0.40323096135589975
2013-12-11,Moderate,0.3851300485369782
2013-12-12,Moderate,0.37408971227321586
2013-12-13,Moderate,0.39883417562775847
2013-12-16,Moderate,0.4003922794861716
2013-12-17,Moderate,0.39842204814460125
2013-12-18,Moderate,0.41991134921371276
2013-12-19,Moderate,0.41519258089830524
2013-12-20,Moderate,0.43316723796946555
2013-12-23,Moderate,0.4382886455027839
2013-12-24,Moderate,0.4382588059598027
2013-12-26,Moderate,0.4500229628953558
2013-12-27,Moderate,0.44389781487421254
2013-12-30,Moderate,0.4405320372463466
2013-12-31,Moderate,0.44870978390998073
2014-01-02,Moderate,0.4396496251938691
2014-01-03,Moderate,0.44385309660619576
2014-01-06,Moderate,0.4344648509680722
2014-01-07,Moderate,0.4585863544456641
2014-01-08,Moderate,0.4533052150724559
2014-01-09,Moderate,0.4582405958788929
2014-01-10,Moderate,0.4527427472081338
2014-01-13,Moderate,0.4348957624329146
2014-01-14,Moderate,0.44583591085041485
2014-01-15,Moderate,0.45842063441917746
2014-01-16,Moderate,0.4471281803577558
2014-01-17,Moderate,0.443845605819694
2014-01-21,Moderate,0.4520606336249524
2014-01-22,Moderate,0.4611082431711202
2014-01-23,Moderate,0.4466577506399463
2014-01-24,Moderate,0.41175778672107777
2014-01-27,Moderate,0.40933235170845195
2014-01-28,Moderate,0.41623196521290917
2014-01-29,Moderate,0.386438171616013
2014-01-30,Moderate,0.39732712808193593
2014-01-31,Moderate,0.37443959493109524
2014-02-03,Moderate,0.34387901715605995
2014-02-04,Moderate,0.34825065294423196
2014-02-05,Moderate,0.3525669853302609
2014-02-06,Moderate,0.36360334936077043
2014-02-07,Moderate,0.3888560861037962
2014-02-10,Moderate,0.3830729449293728
2014-02-11,Moderate,0.39916845017996416
2014-02-12,Moderate,0.39013613220277854
2014-02-13,Moderate,0.40620446161357715
2014-02-14,Moderate,0.42330522046921115
2014-02-18,Moderate,0.4253133249244152
2014-02-19,Moderate,0.4105280870489898
2014-02-20,Moderate,0.41829165257497647
2014-02-21,Moderate,0.41578640111281895
2014-02-24,Moderate,0.43524957815934573
2014-02-25,Moderate,0.4259646002766506
2014-02-26,Moderate,0.42758946953613153
2014-02-27,Moderate,0.4404092076193524
2014-02-28,Moderate,0.44707011865080837
2014-03-03,Moderate,0.4369896217023139
2014-03-04,Moderate,0.45525185697436776
2014-03-05,Moderate,0.45615033038537267
2014-03-06,Moderate,0.45568819460619014
2014-03-07,Moderate,0.4523016536115665
2014-03-10,Moderate,0.44753386546340623
2014-03-11,Moderate,0.4459921227467425
2014-03-12,Moderate,0.4436965630523817
2014-03-13,Moderate,0.4276494113740501
2014-03-14,Moderate,0.42418110202750126
2014-03-17,Moderate,0.44293262813012224
2014-03-18,Moderate,0.44985757590855857
2014-03-19,Moderate,0.4459456261885071
2014-03-20,Moderate,0.4618487512750338
2014-03-21,Moderate,0.44938513678080594
2014-03-24,Moderate,0.4420924745937447
2014-03-25,Moderate,0.44734609602432496
2014-03-26,Moderate,0.43614580647287493
2014-03-27,Moderate,0.43171346672498223
2014-03-28,Moderate,0.4427947598319564
2014-03-31,Moderate,0.45259359185170966
2014-04-01,Moderate,0.46338124361815125
2014-04-02,Moderate,0.45970464813210743
2014-04-03,Moderate,0.45039262953117354
2014-04-04,Moderate,0.43252164609271837
2014-04-07,Moderate,0.42010462154278416
2014-04-08,Moderate,0.4241874101082357
2014-04-09,Moderate,0.4451148009353101
2014-04-10,Moderate,0.4142376780146295
2014-04-11,Moderate,0.3972068921160077
2014-04-14,Moderate,0.40828877438139255
2014-04-15,Moderate,0.417630576179981
2014-04-16,Moderate,0.4267616518507724
2014-04-17,Moderate,0.42471547205353466
2014-04-21,Moderate,0.42445524622348607
2014-04-22,Moderate,0.4265062742605461
2014-04-23,Moderate,0.4292975675222799
2014-04-24,Moderate,0.43622180075407124
2014-04-25,Moderate,0.4079858339785305
2014-04-28,Moderate,0.39973338896366095
2014-04-29,Moderate,0.4038406435327684
2014-04-30,Moderate,0.41014646564445933
2014-05-01,Moderate,0.4128520998453413
2014-05-02,Moderate,0.41346346286498803
2014-05-05,Moderate,0.42057343393643576
2014-05-06,Moderate,0.402583953811694
2014-05-07,Moderate,0.41356756256777616
2014-05-08,Moderate,0.40836710793775355
2014-05-09,Moderate,0.415634160317512
2014-05-12,Moderate,0.4339147152582188
2014-05-13,Moderate,0.44025030918368024
2014-05-14,Moderate,0.4296645517670059
2014-05-15,Moderate,0.41501236434527056
2014-05-16,Moderate,0.4229847149021162
2014-05-19,Moderate,0.42710446008648373
2014-05-20,Moderate,0.4185390321496796
2014-05-21,Moderate,0.4345065018973777
2014-05-22,Moderate,0.4406803167146396
2014-05-23,Moderate,0.45229015644275083
2014-05-27,Moderate,0.46245106406434044
2014-05-28,Moderate,0.45808369340330457
2014-05-29,Moderate,0.4698410381352167
2014-05-30,Moderate,0.4696133489650436
2014-06-02,Moderate,0.46856723192156324
2014-06-03,Moderate,0.4674528980452577
2014-06-04,Moderate,0.4686989054963391
2014-06-05,Moderate,0.48488328232358713
2014-06-06,Moderate,0.49766940623439737
2014-06-09,Moderate,0.49474411681964403
2014-06-10,Moderate,0.49535739491170805
2014-06-11,Moderate,0.4898854814628766
2014-06-12,Moderate,0.4711809148713604
2014-06-13,Moderate,0.4729093798682169
2014-06-16,Moderate,0.47240069347795677
2014-06-17,Moderate,0.4720347660378048
2014-06-18,Moderate,0.5014485715563664
2014-06-19,Moderate,0.5068560315052157
2014-06-20,Moderate,0.5062443834227746
2014-06-23,Moderate,0.5043892249011874
2014-06-24,Moderate,0.49598819151264784
2014-06-25,Moderate,0.4964952333577106
2014-06-26,Moderate,0.49887860099110526
2014-06-27,Moderate,0.4967025033195298
2014-06-30,Moderate,0.4920652510621386
2014-07-01,Moderate,0.5021694161430412
2014-07-02,Moderate,0.5037741099425199
2014-07-03,Moderate,0.5160280804507036
2014-07-07,Moderate,0.5065842004259438
2014-07-08,Moderate,0.48855660650064703
2014-07-09,Moderate,0.4978252765634912
2014-07-10,Moderate,0.49349644587959607
2014-07-11,Moderate,0.5121251952392476
2014-07-14,Moderate,0.5313990902098715
2014-07-15,Moderate,0.5255510358489353
2014-07-16,Moderate,0.5230815711338548
2014-07-17,Moderate,0.5177978678575359
2014-07-18,Moderate,0.5331101404246983
2014-07-21,Moderate,0.5296815627834834
2014-07-22,Moderate,0.5380886037446204
2014-07-23,Moderate,0.5279979238255925
2014-07-24,Moderate,0.5237404640313665
2014-07-25,Moderate,0.49873016470132336
2014-07-28,Moderate,0.5006170599842765
2014-07-29,Moderate,0.48807543972355694
2014-07-30,Moderate,0.4800328273996388
2014-07-31,Moderate,0.4484441198232787
2014-08-01,Moderate,0.45123759043598644
2014-08-04,Moderate,0.4535243905016735
2014-08-05,Moderate,0.4488900227973327
2014-08-06,Moderate,0.4426224490182782
2014-08-07,Moderate,0.43354332964666975
2014-08-08,Moderate,0.4461076723381716
2014-08-11,Moderate,0.44962224059416234
2014-08-12,Moderate,0.45018390526923713
2014-08-13,Moderate,0.4695483857710583
2014-08-14,Moderate,0.48174531617069083
2014-08-15,Moderate,0.4782040396583509
2014-08-18,Moderate,0.49367171003870003
2014-08-19,Moderate,0.5042416943342483
2014-08-20,Moderate,0.506360325313636
2014-08-21,Moderate,0.5095197431483487
2014-08-22,Moderate,0.5087334456218306
2014-08-25,Moderate,0.5158157983503313
2014-08-26,Moderate,0.522996217385983
2014-08-27,Moderate,0.5280407634630795
2014-08-28,Moderate,0.5225595349994328
2014-08-29,Moderate,0.5244856763598551
2014-09-02,Moderate,0.5203091663493189
2014-09-03,Moderate,0.5231292270603878
2014-09-04,Moderate,0.5254603442736703
2014-09-05,Moderate,0.5297449331579771
2014-09-08,Moderate,0.5395989583157812
2014-09-09,Moderate,0.5319743016354561
2014-09-10,Moderate,0.5294556941127428
2014-09-11,Moderate,0.526642522710822
2014-09-12,Moderate,0.5153097307697159
2014-09-15,Moderate,0.5072941131258542
2014-09-16,Moderate,0.5217305565207315
2014-09-17,Moderate,0.5099253555695658
2014-09-18,Moderate,0.519370438624686
2014-09-19,Moderate,0.5249219662063715
2014-09-22,Moderate,0.5181504111019677
2014-09-23,Moderate,0.5080199073843821
2014-09-24,Moderate,0.5284390309090363
2014-09-25,Moderate,0.5029136969227277
2014-09-26,Moderate,0.5135102825722293
2014-09-29,Moderate,0.5168825058502191
2014-09-30,Moderate,0.5099765573094928
2014-10-01,Moderate,0.4848342863262243
2014-10-02,Moderate,0.4818267934119982
2014-10-03,Moderate,0.5030087024854897
2014-10-06,Moderate,0.49473967436610766
2014-10-07,Moderate,0.47031278215357863
2014-10-08,Moderate,0.501654861736087
2014-10-09,Moderate,0.4719206064682253
2014-10-10,Moderate,0.45634035191758926
2014-10-13,Moderate,0.4354086190910267
2014-10-14,Moderate,0.434131756984536
2014-10-15,Moderate,0.4256209231474808
2014-10-16,Moderate,0.4394316468393227
2014-10-17,Moderate,0.47084232644741353
2014-10-20,Moderate,0.4812383724027691
2014-10-21,Moderate,0.5132348944184109
2014-10-22,Moderate,0.4850416410706293
2014-10-23,Moderate,0.49758114999928105
2014-10-24,Moderate,0.49745886531885897
2014-10-27,Moderate,0.5016994707021782
2014-10-28,Moderate,0.5188525108756947
2014-10-29,Moderate,0.5282398749294901
2014-10-30,Moderate,0.5311353155127301
2014-10-31,Moderate,0.5490695501345926
2014-11-03,Moderate,0.5509835016529916
2014-11-04,Moderate,0.5563039940955177
2014-11-05,Moderate,0.5535003145758377
2014-11-06,Moderate,0.5597978515571012
2014-11-07,Moderate,0.5494202324404249
2014-11-10,Moderate,0.5594113574021644
2014-11-11,Moderate,0.5688991316263836
2014-11-12,Moderate,0.5702429657205701
2014-11-13,Moderate,0.5862059645115025
2014-11-14,Moderate,0.5891749796458245
2014-11-17,Moderate,0.5870662790368675
2014-11-18,Moderate,0.6048984776836095
2014-11-19,Moderate,0.6021736882267184
2014-11-20,Moderate,0.6038999772446536
2014-11-21,Moderate,0.6111655352967325
2014-11-24,Moderate,0.6182791622703661
2014-11-25,Moderate,0.6242916211651952
2014-11-26,Moderate,0.6276418747769661
2014-11-28,Moderate,0.6364942463808316
2014-12-01,Moderate,0.6241218041614283
2014-12-02,Moderate,0.6278967679594127
2014-12-03,Moderate,0.6231776590417961
2014-12-04,Moderate,0.6166252726248431
2014-12-05,Moderate,0.6179027422250505
2014-12-08,Moderate,0.6000606731485798
2014-12-09,Moderate,0.6022467497707298
2014-12-10,Moderate,0.5647765330610564
2014-12-11,Moderate,0.5662769696488337
2014-12-12,Moderate,0.5705551236962534
2014-12-15,Moderate,0.5592988780156187
2014-12-16,Moderate,0.5452346086721298
2014-12-17,Moderate,0.5754921396013739
2014-12-18,Moderate,0.6018878526021927
2014-12-19,Moderate,0.6044511134305328
2014-12-22,Moderate,0.6206722196152654
2014-12-23,Moderate,0.6265542968704236
2014-12-24,Moderate,0.627549631343697
2014-12-26,Moderate,0.6318923973200341
2014-12-29,Moderate,0.6326031657323485
2014-12-30,Moderate,0.6261382779683973
2014-12-31,Moderate,0.6080242025576992
2015-01-02,Moderate,0.6040152371278433
2015-01-05,Moderate,0.5847115430882972
2015-01-06,Moderate,0.5682056431992679
2015-01-07,Moderate,0.5887999550947962
2015-01-08,Moderate,0.6291301516256047
2015-01-09,Moderate,0.6148730824266364
2015-01-12,Moderate,0.6004375082220474
2015-01-13,Moderate,0.6031054800924709
2015-01-14,Moderate,0.5969520680209466
2015-01-15,Moderate,0.597091865351066
2015-01-16,Moderate,0.6145837940032779
2015-01-20,Moderate,0.6133304270308755
2015-01-21,Moderate,0.6357799568528615
2015-01-22,Moderate,0.68377175106602
2015-01-23,Moderate,0.6734247519469361
2015-01-26,Moderate,0.6659079260528336
2015-01-27,Moderate,0.6390108430869075
2015-01-28,Moderate,0.644396755490714
2015-01-29,Moderate,0.6890598009118689
2015-01-30,Moderate,0.6815058570067254
2015-02-02,Moderate,0.7018271152896187
2015-02-03,Moderate,0.7137081953058757
2015-02-04,Moderate,0.716048190551148
2015-02-05,Moderate,0.7336150693313008
2015-02-06,Moderate,0.7244719891240765
2015-02-09,Moderate,0.7125412862973242
2015-02-10,Moderate,0.7324302971572301
2015-02-11,Moderate,0.7401152701502025
2015-02-12,Moderate,0.7498742329663375
2015-02-13,Moderate,0.7619849045928824
2015-02-17,Moderate,0.7601529200586727
2015-02-18,Moderate,0.7664801188131039
2015-02-19,Moderate,0.7761909045963302
2015-02-20,Moderate,0.8066092448290392
2015-02-23,Moderate,0.81106597337846
2015-02-24,Moderate,0.8050452999164959
2015-02-25,Moderate,0.8047218722648104
2015-02-26,Moderate,0.8031174775156729
2015-02-27,Moderate,0.7967171486904181
2015-03-02,Moderate,0.8161024538540762
2015-03-03,Moderate,0.8080143346287518
2015-03-04,Moderate,0.8012915183925395
2015-03-05,Moderate,0.810391459213929
2015-03-06,Moderate,0.7838912677169916
2015-03-09,Moderate,0.799909898233822
2015-03-10,Moderate,0.7641359261883767
2015-03-11,Moderate,0.756841486251274
2015-03-12,Moderate,0.7819156331875821
2015-03-13,Moderate,0.7784135217983024
2015-03-16,Moderate,0.8066581337164747
2015-03-17,Moderate,0.804656338684812
2015-03-18,Moderate,0.814982981146821
2015-03-19,Moderate,0.8104815881452907
2015-03-20,Moderate,0.8134707049163652
2015-03-23,Moderate,0.8055981844221967
2015-03-24,Moderate,0.7961845326993351
2015-03-25,Moderate,0.7636464372024008
2015-03-26,Moderate,0.7593324682944023
2015-03-27,Moderate,0.7710132393892764
2015-03-30,Moderate,0.8005816394335703
2015-03-31,Moderate,0.7793365621218282
2015-04-01,Moderate,0.7711202639460468
2015-04-02,Moderate,0.7755129701834254
2015-04-06,Moderate,0.7914636010107432
2015-04-07,Moderate,0.7908485189722845
2015-04-08,Moderate,0.8002886264287565
2015-04-09,Moderate,0.8066853198413764
2015-04-10,Moderate,0.8133391634740894
2015-04-13,Moderate,0.807541037777096
2015-04-14,Moderate,0.8123761479950207
2015-04-15,Moderate,0.7992632501130255
2015-04-16,Moderate,0.8118111928902738
2015-04-17,Moderate,0.7758238248091229
2015-04-20,Moderate,0.8005816795386782
2015-04-21,Moderate,0.8065307241979709
2015-04-22,Moderate,0.8024932588354914
2015-04-23,Moderate,0.7979923723098112
2015-04-24,Moderate,0.8315097782993501
2015-04-27,Moderate,0.8124377487071686
2015-04-28,Moderate,0.8132657550734936
2015-04-29,Moderate,0.7943815811102966
2015-04-30,Moderate,0.7709740832064524
2015-05-01,Moderate,0.7872844201026377
2015-05-04,Moderate,0.7880312175833406
2015-05-05,Moderate,0.7737152289346312
2015-05-06,Moderate,0.7643419711451767
2015-05-07,Moderate,0.776620746133839
2015-05-08,Moderate,0.8074964503214297
2015-05-11,Moderate,0.8040608063205616
2015-05-12,Moderate,0.8010105386783593
2015-05-13,Moderate,0.8071939432951631
2015-05-14,Moderate,0.8410700558523914
2015-05-15,Moderate,0.8367178654379217
2015-05-18,Moderate,0.8384070788072673
2015-05-19,Moderate,0.8442532184110909
2015-05-20,Moderate,0.844212559309458
2015-05-21,Moderate,0.8489252329228745
2015-05-22,Moderate,0.8309024019958804
2015-05-26,Moderate,0.8133689656553884
2015-05-27,Moderate,0.8278253905113064
2015-05-28,Moderate,0.8216499006529292
2015-05-29,Moderate,0.8130223771274034
2015-06-01,Moderate,0.8173821299480284
2015-06-02,Moderate,0.814860603901113
2015-06-03,Moderate,0.8224595834230086
2015-06-04,Moderate,0.7964807883897096
2015-06-05,Moderate,0.7893843278739197
2015-06-08,Moderate,0.7852602206091457
2015-06-09,Moderate,0.7837736132105784
2015-06-10,Moderate,0.8070068531859795
2015-06-11,Moderate,0.8168197671764064
2015-06-12,Moderate,0.8057620663620766
2015-06-15,Moderate,0.798716915527385
2015-06-16,Moderate,0.8169143446921976
2015-06-17,Moderate,0.8088779145780911
2015-06-18,Moderate,0.8356371172675414
2015-06-19,Moderate,0.829558217999258
2015-06-22,Moderate,0.8428776825056989
2015-06-23,Moderate,0.8577096004444302
2015-06-24,Moderate,0.8330169352087189
2015-06-25,Moderate,0.8425453202534758
2015-06-26,Moderate,0.8439428643707705
2015-06-29,Moderate,0.8078994400982373
2015-06-30,Moderate,0.8110897316020111
2015-07-01,Moderate,0.828188506729804
2015-07-02,Moderate,0.8204490238482658
2015-07-06,Moderate,0.8199302049937052
2015-07-07,Moderate,0.8274499777234618
2015-07-08,Moderate,0.8065436819954956
2015-07-09,Moderate,0.8156976859241423
2015-07-10,Moderate,0.8406075969558391
2015-07-13,Moderate,0.8626786813233935
2015-07-14,Moderate,0.8829938918430924
2015-07-15,Moderate,0.8813841767520447
2015-07-16,Moderate,0.8919263267401953
2015-07-17,Moderate,0.8834680750209452
2015-07-20,Moderate,0.8820219339536775
2015-07-21,Moderate,0.8652513765811138
2015-07-22,Moderate,0.8653288573987665
2015-07-23,Moderate,0.8515726766405196
2015-07-24,Moderate,0.8582443244806124
2015-07-27,Moderate,0.8437499723821182
2015-07-28,Moderate,0.8654230013005182
2015-07-29,Moderate,0.876287457246153
2015-07-30,Moderate,0.8777334384952267
2015-07-31,Moderate,0.8869194527007729
2015-08-03,Moderate,0.8813084299122107
2015-08-04,Moderate,0.8830508143287088
2015-08-05,Moderate,0.9098904755910839
2015-08-06,Moderate,0.8884302728041515
2015-08-07,Moderate,0.8813118250471821
2015-08-10,Moderate,0.9017380280159955
2015-08-11,Moderate,0.8925544361945621
2015-08-12,Moderate,0.881728299717895
2015-08-13,Moderate,0.8907018962369768
2015-08-14,Moderate,0.9017816086849502
2015-08-17,Moderate,0.918792399119426
2015-08-18,Moderate,0.9242509708914555
2015-08-19,Moderate,0.9014845299995211
2015-08-20,Moderate,0.8470530027844767
2015-08-21,Moderate,0.7843476296013243
2015-08-24,Moderate,0.7022497770310123
2015-08-25,Moderate,0.6894311882933173
2015-08-26,Moderate,0.7550375148284529
2015-08-27,Moderate,0.7998085942405724
2015-08-28,Moderate,0.8026086891619835
2015-08-31,Moderate,0.7785865817649948
2015-09-01,Moderate,0.7312975807472657
2015-09-02,Moderate,0.7657798184910536
2015-09-03,Moderate,0.7686054758753929
2015-09-04,Moderate,0.7450153452722539
2015-09-08,Moderate,0.7991312509197361
2015-09-09,Moderate,0.779702368236044
2015-09-10,Moderate,0.7924977649961471
2015-09-11,Moderate,0.8125045561174473
2015-09-14,Moderate,0.8004445583561055
2015-09-15,Moderate,0.8257704100697516
2015-09-16,Moderate,0.8415107730530187
2015-09-17,Moderate,0.8528290899674498
2015-09-18,Moderate,0.8436068929941261
2015-09-21,Moderate,0.8623997956956706
2015-09-22,Moderate,0.8472866727815569
2015-09-23,Moderate,0.8426517660842223
2015-09-24,Moderate,0.8218122316664302
2015-09-25,Moderate,0.8049355591869931
2015-09-28,Moderate,0.7591877294017146
2015-09-29,Moderate,0.7676412162377713
2015-09-30,Moderate,0.800524366533375
2015-10-01,Moderate,0.8094786514424324
2015-10-02,Moderate,0.8353472810167399
2015-10-05,Moderate,0.8617858546595809
2015-10-06,Moderate,0.847181795757892
2015-10-07,Moderate,0.847863097048015
2015-10-08,Moderate,0.8594006980080129
2015-10-09,Moderate,0.8828931942814233
2015-10-12,Moderate,0.9039322115983626
2015-10-13,Moderate,0.9047889453008591
2015-10-14,Moderate,0.8738824196032622
2015-10-15,Moderate,0.8964068228404474
2015-10-16,Moderate,0.9092791992588325
2015-10-19,Moderate,0.9151339632180657
2015-10-20,Moderate,0.9064241318155493
2015-10-21,Moderate,0.8983522134975013
2015-10-22,Moderate,0.9277264069207296
2015-10-23,Moderate,0.957818307694505
2015-10-26,Moderate,0.9692368191807006
2015-10-27,Moderate,0.9852649038495347
2015-10-28,Moderate,0.9915364960943489
2015-10-29,Moderate,0.989651777292698
2015-10-30,Moderate,0.9829613106290687
2015-11-02,Moderate,0.9944433858371213
2015-11-03,Moderate,0.9888164522828142
2015-11-04,Moderate,0.9836568551434139
2015-11-05,Moderate,0.9943671604157489
2015-11-06,Moderate,0.9896562521264727
2015-11-09,Moderate,0.9726069286830801
2015-11-10,Moderate,0.9797129761193475
2015-11-11,Moderate,0.9835480462149122
2015-11-12,Moderate,0.9577735895970703
2015-11-13,Moderate,0.9341373399435493
2015-11-16,Moderate,0.9620510057580307
2015-11-17,Moderate,0.9669491490980175
2015-11-18,Moderate,1.0025249438127868
2015-11-19,Moderate,0.9795214411531157
2015-11-20,Moderate,0.99380114329336
2015-11-23,Moderate,0.9922027277133842
2015-11-24,Moderate,0.9944081496902168
2015-11-25,Moderate,0.9959024459310164
2015-11-27,Moderate,0.9953532882766489
2015-11-30,Moderate,0.9765025650168659
2015-12-01,Moderate,1.011540347127462
2015-12-02,Moderate,1.0083449235077793
2015-12-03,Moderate,0.9787268302339593
2015-12-04,Moderate,1.0228745715223497
2015-12-07,Moderate,1.0033741635592262
2015-12-08,Moderate,0.9998522759653903
2015-12-09,Moderate,0.9795772793747028
2015-12-10,Moderate,0.9911420730184453
2015-12-11,Moderate,0.9779881762507363
2015-12-14,Moderate,0.9879552094385262
2015-12-15,Moderate,1.0060525049841407
2015-12-16,Moderate,1.033656681315886
2015-12-17,Moderate,1.0179093881507484
2015-12-18,Moderate,0.9636051382659983
2015-12-21,Moderate,0.9799077441195094
2015-12-22,Moderate,0.9951509820936757
2015-12-23,Moderate,1.014198251610872
2015-12-24,Moderate,1.0087450525700485
2015-12-28,Moderate,1.0167863648145836
2015-12-29,Moderate,1.0474252656558698
2015-12-30,Moderate,1.0361561521386355
2015-12-31,Moderate,1.0103519116212385
2016-01-04,Moderate,0.9660672937235282
2016-01-05,Moderate,0.9727287564914406
2016-01-06,Moderate,0.9509230702141727
2016-01-07,Moderate,0.8905262189030281
2016-01-08,Moderate,0.8666155686382879
2016-01-11,Moderate,0.874678026826349
2016-01-12,Moderate,0.8960509164289923
2016-01-13,Moderate,0.8451216236254229
2016-01-14,Moderate,0.868567046613006
2016-01-15,Moderate,0.8305468832667575
2016-01-19,Moderate,0.8526906109741572
2016-01-20,Moderate,0.8380593942757295
2016-01-21,Moderate,0.8420503592561561
2016-01-22,Moderate,0.868932074546386
2016-01-25,Moderate,0.8529856933637185
2016-01-26,Moderate,0.8801183384804638
2016-01-27,Moderate,0.8194791170921683
2016-01-28,Moderate,0.8440091120726989
2016-01-29,Moderate,0.8780552108136208
2016-02-01,Moderate,0.8819175414379459
2016-02-02,Moderate,0.8403895045818699
2016-02-03,Moderate,0.8450062104479568
2016-02-04,Moderate,0.8524025222149938
2016-02-05,Moderate,0.7951345892754325
2016-02-08,Moderate,0.7580542627882305
2016-02-09,Moderate,0.7571762592776758
2016-02-10,Moderate,0.762488135521568
2016-02-11,Moderate,0.7252115617899844
2016-02-12,Moderate,0.744512930554657
2016-02-16,Moderate,0.7892393417465762
2016-02-17,Moderate,0.8342019268515297
2016-02-18,Moderate,0.8260907828041781
2016-02-19,Moderate,0.8215305201355472
2016-02-22,Moderate,0.8668961552380745
2016-02-23,Moderate,0.8554777352779859
2016-02-24,Moderate,0.8495584423780758
2016-02-25,Moderate,0.8741202516032285
2016-02-26,Moderate,0.8732629162106613
2016-02-29,Moderate,0.8565643431978422
2016-03-01,Moderate,0.9016069329229504
2016-03-02,Moderate,0.8980863732387119
2016-03-03,Moderate,0.8941082610170938
2016-03-04,Moderate,0.8974054823406941
2016-03-07,Moderate,0.89413674700457
2016-03-08,Moderate,0.8910227850976795
2016-03-09,Moderate,0.8967745281849897
2016-03-10,Moderate,0.8996604392258463
2016-03-11,Moderate,0.9312107117505801
2016-03-14,Moderate,0.9432557493701403
2016-03-15,Moderate,0.9449414071229829
2016-03-16,Moderate,0.9538352516866149
2016-03-17,Moderate,0.9660967093418629
2016-03-18,Moderate,0.9946112955206057
2016-03-21,Moderate,0.9996827008694114
2016-03-22,Moderate,1.0043313537605534
2016-03-23,Moderate,1.0058283292167416
2016-03-24,Moderate,1.0038775329819494
2016-03-28,Moderate,1.001449379378672
2016-03-29,Moderate,1.0132453012382063
2016-03-30,Moderate,1.013994882636387
2016-03-31,Moderate,1.0024818805778986
2016-04-01,Moderate,1.0172230902012749
2016-04-04,Moderate,1.008754825348003
2016-04-05,Moderate,0.9948667831018436
2016-04-06,Moderate,1.014958234179638
2016-04-07,Moderate,0.9973613750122934
2016-04-08,Moderate,0.999428037723467
2016-04-11,Moderate,0.9976053489463348
2016-04-12,Moderate,1.0120219330978375
2016-04-13,Moderate,1.0293791644068349
2016-04-14,Moderate,1.0300242074750363
2016-04-15,Moderate,1.0345021810041675
2016-04-18,Moderate,1.050019623113731
2016-04-19,Moderate,1.0621733195335041
2016-04-20,Moderate,1.0649992495835106
2016-04-21,Moderate,1.0558772462093913
2016-04-22,Moderate,1.049090917802968
2016-04-25,Moderate,1.0554802006741517
2016-04-26,Moderate,1.0617658059270894
2016-04-27,Moderate,1.065988527338725
2016-04-28,Moderate,1.0448797604102609
2016-04-29,Moderate,1.0655088822415522
2016-05-02,Moderate,1.0793640997046867
2016-05-03,Moderate,1.0659902396069794
2016-05-04,Moderate,1.0570855774514967
2016-05-05,Moderate,1.0612703249778357
2016-05-06,Moderate,1.076340166744039
2016-05-09,Moderate,1.0775698324385932
2016-05-10,Moderate,1.1106658365956843
2016-05-11,Moderate,1.0899599330865333
2016-05-12,Moderate,1.0950490920379323
2016-05-13,Moderate,1.0743514161822625
2016-05-16,Moderate,1.0958616717268685
2016-05-17,Moderate,1.0681909419285378
2016-05-18,Moderate,1.0651511916041438
2016-05-19,Moderate,1.047506073609087
2016-05-20,Moderate,1.04859736257405
2016-05-23,Moderate,1.045208492082026
2016-05-24,Moderate,1.0719266855335907
2016-05-25,Moderate,1.0829575334552786
2016-05-26,Moderate,1.0850928331826073
2016-05-27,Moderate,1.0904828507776605
2016-05-31,Moderate,1.0765941680148852
2016-06-01,Moderate,1.0823608499624604
2016-06-02,Moderate,1.0921973614942373
2016-06-03,Moderate,1.09261260468207
2016-06-06,Moderate,1.1201801762211079
2016-06-07,Moderate,1.1127453794995796
2016-06-08,Moderate,1.1339833895776352
2016-06-09,Moderate,1.1339092102201085
2016-06-10,Moderate,1.111925304018229
2016-06-13,Moderate,1.098584671565828
2016-06-14,Moderate,1.1009529518868462
2016-06-15,Moderate,1.0947223228717369
2016-06-16,Moderate,1.1034009845071786
2016-06-17,Moderate,1.090627926794126
2016-06-20,Moderate,1.118195144507145
2016-06-21,Moderate,1.1201329554142911
2016-06-22,Moderate,1.0976152221663455
2016-06-23,Moderate,1.1256728960936297
2016-06-24,Moderate,1.0581527080037554
2016-06-27,Moderate,1.028781364666942
2016-06-28,Moderate,1.0561934063431866
2016-06-29,Moderate,1.0899869454107578
2016-06-30,Moderate,1.1175541761478294
2016-07-01,Moderate,1.1172172033937828
2016-07-05,Moderate,1.1099873734342411
2016-07-06,Moderate,1.1166935017806576
2016-07-07,Moderate,1.1134815349054614
2016-07-08,Moderate,1.1398565604240134
2016-07-11,Moderate,1.150317384549946
2016-07-12,Moderate,1.145034581185329
2016-07-13,Moderate,1.14928879111018
2016-07-14,Moderate,1.1560802466693487
2016-07-15,Moderate,1.159375302914194
2016-07-18,Moderate,1.1608982657598164
2016-07-19,Moderate,1.1768835824341206
2016-07-20,Moderate,1.1855450410957302
2016-07-21,Moderate,1.1731357712556254
2016-07-22,Moderate,1.1852761484239687
2016-07-25,Moderate,1.1696609530765292
2016-07-26,Moderate,1.1683499951319143
2016-07-27,Moderate,1.1688199920927054
2016-07-28,Moderate,1.169457276951717
2016-07-29,Moderate,1.1739345324434858
2016-08-01,Moderate,1.1760876553575712
2016-08-02,Moderate,1.1602006229781137
2016-08-03,Moderate,1.1595035391986621
2016-08-04,Moderate,1.161239385529608
2016-08-05,Moderate,1.1750847714815564
2016-08-08,Moderate,1.1701249407787375
2016-08-09,Moderate,1.1726518798467858
2016-08-10,Moderate,1.1798555576057908
2016-08-11,Moderate,1.1907578535837433
2016-08-12,Moderate,1.1899604933028196
2016-08-15,Moderate,1.1888518666874366
2016-08-16,Moderate,1.1818030365244017
2016-08-17,Moderate,1.1809962203589195
2016-08-18,Moderate,1.1861994096933421
2016-08-19,Moderate,1.1776410719857067
2016-08-22,Moderate,1.1802904093840572
2016-08-23,Moderate,1.1808115306360523
2016-08-24,Moderate,1.166967539423251
2016-08-25,Moderate,1.1583698483700426
2016-08-26,Moderate,1.1546056812282295
2016-08-29,Moderate,1.1643462245434395
2016-08-30,Moderate,1.150630161504409
2016-08-31,Moderate,1.1416918324381635
2016-09-01,Moderate,1.1456459496013602
2016-09-02,Moderate,1.1589741885494922
2016-09-06,Moderate,1.1699709362844786
2016-09-07,Moderate,1.1596686591437853
2016-09-08,Moderate,1.157590664343242
2016-09-09,Moderate,1.106677132047786
2016-09-12,Moderate,1.1349590623593757
2016-09-13,Moderate,1.1091673216430946
2016-09-14,Moderate,1.1044777470945668
2016-09-15,Moderate,1.1218196648043
2016-09-16,Moderate,1.1275134924488488
2016-09-19,Moderate,1.130054725120377
2016-09-20,Moderate,1.1378970095315069
2016-09-21,Moderate,1.1882462339486448
2016-09-22,Moderate,1.2050988665987012
2016-09-23,Moderate,1.198174376844055
2016-09-26,Moderate,1.1843316394011487
2016-09-27,Moderate,1.2068819838935751
2016-09-28,Moderate,1.210924719096421
2016-09-29,Moderate,1.19023028523007
2016-09-30,Moderate,1.2079175523858576
2016-10-03,Moderate,1.200882879583085
2016-10-04,Moderate,1.1918788865250378
2016-10-05,Moderate,1.202579626284329
2016-10-06,Moderate,1.1962619197642193
2016-10-07,Moderate,1.1929805279848624
2016-10-10,Moderate,1.211390712344405
2016-10-11,Moderate,1.1759039180242747
2016-10-12,Moderate,1.1800625372449955
2016-10-13,Moderate,1.1761672208456826
2016-10-14,Moderate,1.17387284015794
2016-10-17,Moderate,1.1702798635872655
2016-10-18,Moderate,1.2170824289109716
2016-10-19,Moderate,1.2239287152296092
2016-10-20,Moderate,1.2230711505336114
2016-10-21,Moderate,1.2333723679055173
2016-10-24,Moderate,1.2543712419748
2016-10-25,Moderate,1.2454560825400836
2016-10-26,Moderate,1.2561686059737518
2016-10-27,Moderate,1.240585012488601
2016-10-28,Moderate,1.2220967594464418
2016-10-31,Moderate,1.228565263312566
2016-11-01,Moderate,1.2150854393504744
2016-11-02,Moderate,1.198799035094709
2016-11-03,Moderate,1.1951128753837663
2016-11-04,Moderate,1.1829838656017735
2016-11-07,Moderate,1.2396370211622632
2016-11-08,Moderate,1.246363510765232
2016-11-09,Moderate,1.2444609466011713
2016-11-10,Moderate,1.244944062708166
2016-11-11,Moderate,1.247372049133891
2016-11-14,Moderate,1.2645656871207946
2016-11-15,Moderate,1.2734476473762602
2016-11-16,Moderate,1.2670730474372611
2016-11-17,Moderate,1.2709209620786508
2016-11-18,Moderate,1.2682792423058613
2016-11-21,Moderate,1.2836891302683031
2016-11-22,Moderate,1.3027967639903415
2016-11-23,Moderate,1.3013812327452983
2016-11-25,Moderate,1.3052419300861047
2016-11-28,Moderate,1.2972779294022114
2016-11-29,Moderate,1.3249182547227991
2016-11-30,Moderate,1.304812406448797
2016-12-01,Moderate,1.3049492850485445
2016-12-02,Moderate,1.305699009357156
2016-12-05,Moderate,1.30986452394083
2016-12-06,Moderate,1.3107066664726905
2016-12-07,Moderate,1.3420526044278023
2016-12-08,Moderate,1.344597809220947
2016-12-09,Moderate,1.3618286851339145
2016-12-12,Moderate,1.3655298340510842
2016-12-13,Moderate,1.379221002984639
2016-12-14,Moderate,1.3615558672340033
2016-12-15,Moderate,1.3572447500548606
2016-12-16,Moderate,1.369610604709031
2016-12-19,Moderate,1.3764837499245801
2016-12-20,Moderate,1.380623065092215
2016-12-21,Moderate,1.3818231599143704
2016-12-22,Moderate,1.3812209106527682
2016-12-23,Moderate,1.385096470942484
2016-12-27,Moderate,1.3862079099424722
2016-12-28,Moderate,1.3703896233942165
2016-12-29,Moderate,1.3656208786180581
2016-12-30,Moderate,1.351160384843845
2017-01-03,Moderate,1.3618151971556123
2017-01-04,Moderate,1.3729147161127546
2017-01-05,Moderate,1.3876794873270146
2017-01-06,Moderate,1.4052808835810064
2017-01-09,Moderate,1.3983312712273541
2017-01-10,Moderate,1.394759604783414
2017-01-11,Moderate,1.4029380929086521
2017-01-12,Moderate,1.4049038873622184
2017-01-13,Moderate,1.404402192052522
2017-01-17,Moderate,1.3941439064146657
2017-01-18,Moderate,1.3887574764245754
2017-01-19,Moderate,1.3971747771638627
2017-01-20,Moderate,1.4037413753822827
2017-01-23,Moderate,1.4037762442532822
2017-01-24,Moderate,1.4285798152578666
2017-01-25,Moderate,1.4644557638848856
2017-01-26,Moderate,1.4735630260074433
2017-01-27,Moderate,1.474693053611857
2017-01-30,Moderate,1.459218894893188
2017-01-31,Moderate,1.44635157738012
2017-02-01,Moderate,1.4508192903530248
2017-02-02,Moderate,1.440386637158252
2017-02-03,Moderate,1.446697965461536
2017-02-06,Moderate,1.4432905404959513
2017-02-07,Moderate,1.4578954846630032
2017-02-08,Moderate,1.4547076982113767
2017-02-09,Moderate,1.460616482556064
2017-02-10,Moderate,1.4747791538596706
2017-02-13,Moderate,1.494775778859283
2017-02-14,Moderate,1.502184043605706
2017-02-15,Moderate,1.515881369196785
2017-02-16,Moderate,1.524063593182524
2017-02-17,Moderate,1.510183340170733
2017-02-21,Moderate,1.5388004215467173
2017-02-22,Moderate,1.5392572612055337
2017-02-23,Moderate,1.5519815108601231
2017-02-24,Moderate,1.556269019083715
2017-02-27,Moderate,1.5680147675068596
2017-02-28,Moderate,1.5703062457844261
2017-03-01,Moderate,1.6073928843622816
2017-03-02,Moderate,1.5971355521601605
2017-03-03,Moderate,1.5990185685394604
2017-03-06,Moderate,1.5941517169967128
2017-03-07,Moderate,1.5953940619750488
2017-03-08,Moderate,1.5944172644337313
2017-03-09,Moderate,1.5921160893696595
2017-03-10,Moderate,1.5993420938530463
2017-03-13,Moderate,1.603477920388555
2017-03-14,Moderate,1.5946448448897308
2017-03-15,Moderate,1.612360337153814
2017-03-16,Moderate,1.6087889665159825
2017-03-17,Moderate,1.6262998348148265
2017-03-20,Moderate,1.6168086300772204
2017-03-21,Moderate,1.5942332951378653
2017-03-22,Moderate,1.6026742622378713
2017-03-23,Moderate,1.5973682583409663
2017-03-24,Moderate,1.59364280712528
2017-03-27,Moderate,1.5939444408071597
2017-03-28,Moderate,1.6077134588179929
2017-03-29,Moderate,1.6086509570842615
2017-03-30,Moderate,1.6182002011852936
2017-03-31,Moderate,1.6151090581259648
2017-04-03,Moderate,1.6201141294029138
2017-04-04,Moderate,1.6309160104265166
2017-04-05,Moderate,1.628302717307366
2017-04-06,Moderate,1.6253653670724422
2017-04-07,Moderate,1.632369925895766
2017-04-10,Moderate,1.6296883015806287
2017-04-11,Moderate,1.6339985706747249
2017-04-12,Moderate,1.6231794322066326
2017-04-13,Moderate,1.6107766846936804
2017-04-17,Moderate,1.6447190083394245
2017-04-18,Moderate,1.6492905218045744
2017-04-19,Moderate,1.6521018778735943
2017-04-20,Moderate,1.6717863472000567
2017-04-21,Moderate,1.6747439505931858
2017-04-24,Moderate,1.6991802201632025
2017-04-25,Moderate,1.7243822945042182
2017-04-26,Moderate,1.7149780560266086
2017-04-27,Moderate,1.7264848417065806
2017-04-28,Moderate,1.7365125378781254
2017-05-01,Moderate,1.7385135741566105
2017-05-02,Moderate,1.7411541791604503
2017-05-03,Moderate,1.733506173611056
2017-05-04,Moderate,1.7412173016497063
2017-05-05,Moderate,1.7495110500538313
2017-05-08,Moderate,1.7597692092130037
2017-05-09,Moderate,1.7593268600796486
2017-05-10,Moderate,1.7467887634377695
2017-05-11,Moderate,1.7480582621259204
2017-05-12,Moderate,1.74625418706218
2017-05-15,Moderate,1.747195374522665
2017-05-16,Moderate,1.7404263807283287
2017-05-17,Moderate,1.7057253879728203
2017-05-18,Moderate,1.7185610466830479
2017-05-19,Moderate,1.7427837742650154
2017-05-22,Moderate,1.7779999965002515
2017-05-23,Moderate,1.7815460373603753
2017-05-24,Moderate,1.8008174608799683
2017-05-25,Moderate,1.8329379898363003
2017-05-26,Moderate,1.8292410274037594
2017-05-30,Moderate,1.8307141275336098
2017-05-31,Moderate,1.8252702881648206
2017-06-01,Moderate,1.8447308355223
2017-06-02,Moderate,1.8709814837689338
2017-06-05,Moderate,1.8675846446751034
2017-06-06,Moderate,1.8587806570406942
2017-06-07,Moderate,1.8767455239204955
2017-06-08,Moderate,1.8717045406270638
2017-06-09,Moderate,1.8465143848162389
2017-06-12,Moderate,1.8269307513223954
2017-06-13,Moderate,1.8534841525904415
2017-06-14,Moderate,1.8630004903762365
2017-06-15,Moderate,1.8604753882012912
2017-06-16,Moderate,1.8800179157925614
2017-06-19,Moderate,1.9087013401240704
2017-06-20,Moderate,1.9089711392498998
2017-06-21,Moderate,1.9304247847012346
2017-06-22,Moderate,1.9344159809259462
2017-06-23,Moderate,1.9483133109865558
2017-06-26,Moderate,1.9335767831219122
2017-06-27,Moderate,1.9079471541851865
2017-06-28,Moderate,1.9264593113455595
2017-06-29,Moderate,1.896683502368437
2017-06-30,Moderate,1.8979061733411204
2017-07-03,Moderate,1.8915910432698992
2017-07-05,Moderate,1.9254814107270337
2017-07-06,Moderate,1.9129457690042773
2017-07-07,Moderate,1.9366793233915134
2017-07-10,Moderate,1.9454208039986387
2017-07-11,Moderate,1.9447741330241195
2017-07-12,Moderate,1.9686775139408494
2017-07-13,Moderate,1.955742411560904
2017-07-14,Moderate,1.9773999336727055
2017-07-17,Moderate,1.9809352662465058
2017-07-18,Moderate,1.9875670107211336
2017-07-19,Moderate,2.0123418206976735
2017-07-20,Moderate,2.0251026073988463
2017-07-21,Moderate,2.0306419810591327
2017-07-24,Moderate,2.0263961292032286
2017-07-25,Moderate,2.023722686933679
2017-07-26,Moderate,2.103322536360701
2017-07-27,Moderate,2.1073503471907937
2017-07-28,Moderate,2.1073436147906057
2017-07-31,Moderate,2.1020976438274226
2017-08-01,Moderate,2.104409632890926
2017-08-02,Moderate,2.1013256276491052
2017-08-03,Moderate,2.1094344671444816
2017-08-04,Moderate,2.107977883360311
2017-08-07,Moderate,2.121473020052817
2017-08-08,Moderate,2.116057842188232
2017-08-09,Moderate,2.0978147950143433
2017-08-10,Moderate,2.064725117397383
2017-08-11,Moderate,2.0841810425971445
2017-08-14,Moderate,2.1133880778392196
2017-08-15,Moderate,2.1285393585480934
2017-08-16,Moderate,2.1264820000696956
2017-08-17,Moderate,2.0917977804131507
2017-08-18,Moderate,2.079588281450934
2017-08-21,Moderate,2.0889791115889915
2017-08-22,Moderate,2.130587820476334
2017-08-23,Moderate,2.110796615887657
2017-08-24,Moderate,2.1088194069723225
2017-08-25,Moderate,2.097525878959655
2017-08-28,Moderate,2.106717333347901
2017-08-29,Moderate,2.1289721929129617
2017-08-30,Moderate,2.135700641923192
2017-08-31,Moderate,2.158511757913155
2017-09-01,Moderate,2.1610778892599134
2017-09-05,Moderate,2.1379576443880777
2017-09-06,Moderate,2.126485517973765
2017-09-07,Moderate,2.1474904869155074
2017-09-08,Moderate,2.1446620236072524
2017-09-11,Moderate,2.175448549458492
2017-09-12,Moderate,2.158197803065214
2017-09-13,Moderate,2.1723580805370983
2017-09-14,Moderate,2.1744413791626314
2017-09-15,Moderate,2.188710566575076
2017-09-18,Moderate,2.200656591799527
2017-09-19,Moderate,2.1847866694442475
2017-09-20,Moderate,2.1784094262393148
2017-09-21,Moderate,2.1686959745771324
2017-09-22,Moderate,2.1530596805345947
2017-09-25,Moderate,2.118609564848602
2017-09-26,Moderate,2.1190223650720794
2017-09-27,Moderate,2.137912800055959
2017-09-28,Moderate,2.151037061763284
2017-09-29,Moderate,2.158525673657634
2017-10-02,Moderate,2.1641260438461494
2017-10-03,Moderate,2.16980510149272
2017-10-04,Moderate,2.1829433180586606
2017-10-05,Moderate,2.200768643784167
2017-10-06,Moderate,2.207493400576569
2017-10-09,Moderate,2.201499173176117
2017-10-10,Moderate,2.2051409944994367
2017-10-11,Moderate,2.221574053323174
2017-10-12,Moderate,2.220018619024372
2017-10-13,Moderate,2.219482752600622
2017-10-16,Moderate,2.2132044098982573
2017-10-17,Moderate,2.2538524513739766
2017-10-18,Moderate,2.267952306748581
2017-10-19,Moderate,2.3138310897653196
2017-10-20,Moderate,2.3595289499766054
2017-10-23,Moderate,2.330679169406775
2017-10-24,Moderate,2.359430480230486
2017-10-25,Moderate,2.3337555396044647
2017-10-26,Moderate,2.346538898100965
2017-10-27,Moderate,2.422299851290088
2017-10-30,Moderate,2.413174377043216
2017-10-31,Moderate,2.408967792810074
2017-11-01,Moderate,2.4091530788702302
2017-11-02,Moderate,2.443985512734806
2017-11-03,Moderate,2.459878487181602
2017-11-06,Moderate,2.461479592891577
2017-11-07,Moderate,2.474955565694132
2017-11-08,Moderate,2.4800247115783565
2017-11-09,Moderate,2.459792796737673
2017-11-10,Moderate,2.4499144988018102
2017-11-13,Moderate,2.4697847154662744
2017-11-14,Moderate,2.4711314935754047
2017-11-15,Moderate,2.4537869899519533
2017-11-16,Moderate,2.475198688213436
2017-11-17,Moderate,2.458155335927609
2017-11-20,Moderate,2.469229301275665
2017-11-21,Moderate,2.50509124728299
2017-11-22,Moderate,2.491153136303428
2017-11-24,Moderate,2.515396642555892
2017-11-27,Moderate,2.521709583764315
2017-11-28,Moderate,2.5546301036444974
2017-11-29,Moderate,2.552634659781617
2017-11-30,Moderate,2.624428997450405
2017-12-01,Moderate,2.5913480032295784
2017-12-04,Moderate,2.540492038114204
2017-12-05,Moderate,2.5309099292071373
2017-12-06,Moderate,2.5663380241470652
2017-12-07,Moderate,2.579520945275919
2017-12-08,Moderate,2.6059128618100975
2017-12-11,Moderate,2.6022391532819764
2017-12-12,Moderate,2.611857476423386
2017-12-13,Moderate,2.6427918579632976
2017-12-14,Moderate,2.631783316455328
2017-12-15,Moderate,2.651011103552729
2017-12-18,Moderate,2.660001217959318
2017-12-19,Moderate,2.6535863888456728
2017-12-20,Moderate,2.648890002847305
2017-12-21,Moderate,2.6330870936858246
2017-12-22,Moderate,2.6252864900079373
2017-12-26,Moderate,2.626579482338738
2017-12-27,Moderate,2.639654327831354
2017-12-28,Moderate,2.6541886169885642
2017-12-29,Moderate,2.6327035292656586
2018-01-02,Moderate,2.653507128101043
2018-01-03,Moderate,2.6802132502684035
2018-01-04,Moderate,2.696487538314987
2018-01-05,Moderate,2.7689285683589486
2018-01-08,Moderate,2.7582620380463787
2018-01-09,Moderate,2.7950226576427295
2018-01-10,Moderate,2.792258810444949
2018-01-11,Moderate,2.832474835969622
2018-01-12,Moderate,2.9029744267102804
2018-01-16,Moderate,2.9113716445444946
2018-01-17,Moderate,3.000176194029727
2018-01-18,Moderate,2.986734282424533
2018-01-19,Moderate,2.987199542430224
2018-01-22,Moderate,3.011541373608755
2018-01-23,Moderate,3.0300140818102417
2018-01-24,Moderate,3.017353293725594
2018-01-25,Moderate,3.0530907878734803
2018-01-26,Moderate,3.102048192676709
2018-01-29,Moderate,3.077539803778399
2018-01-30,Moderate,3.010673437010275
2018-01-31,Moderate,3.072636286253979
2018-02-01,Moderate,3.0500874401959557
2018-02-02,Moderate,3.000244168183415
2018-02-05,Moderate,2.8236226415440306
2018-02-06,Moderate,2.9161881821111133
2018-02-07,Moderate,2.9225833501635567
